QUANTITYORDERED,PRICEEACH,ORDERLINENUMBER,SALES,ORDERDATE,STATUS,QTR_ID,PRODUCTLINE,CUSTOMERNAME,COUNTRY
49,34.47,1,1689.03,06/01/2003,Shipped,1,Vintage Cars,Online Diecast Creations Co.,USA
50,67.8,2,3390.0,06/01/2003,Shipped,1,Vintage Cars,Online Diecast Creations Co.,USA
30,100.0,3,3000.0,06/01/2003,Shipped,1,Vintage Cars,Online Diecast Creations Co.,USA
22,86.51,4,1903.22,06/01/2003,Shipped,1,Vintage Cars,Online Diecast Creations Co.,USA
26,100.0,1,2600.0,09/01/2003,Shipped,1,Vintage Cars,"Blauer See Auto, Co.",Germany
46,53.76,2,2472.96,09/01/2003,Shipped,1,Vintage Cars,"Blauer See Auto, Co.",Germany
45,31.2,3,1404.0,09/01/2003,Shipped,1,Vintage Cars,"Blauer See Auto, Co.",Germany
25,100.0,4,2500.0,09/01/2003,Shipped,1,Vintage Cars,"Blauer See Auto, Co.",Germany
41,50.14,1,2055.74,10/01/2003,Shipped,1,Vintage Cars,Vitachrome Inc.,USA
39,100.0,2,3900.0,10/01/2003,Shipped,1,Vintage Cars,Vitachrome Inc.,USA
36,100.0,1,3600.0,29/01/2003,Shipped,1,Trucks and Buses,Baane Mini Imports,Norway
22,54.09,2,1189.98,29/01/2003,Shipped,1,Trucks and Buses,Baane Mini Imports,Norway
31,100.0,3,3100.0,29/01/2003,Shipped,1,Trucks and Buses,Baane Mini Imports,Norway
42,100.0,4,4200.0,29/01/2003,Shipped,1,Classic Cars,Baane Mini Imports,Norway
36,100.0,5,3600.0,29/01/2003,Shipped,1,Trucks and Buses,Baane Mini Imports,Norway
42,100.0,6,4200.0,29/01/2003,Shipped,1,Classic Cars,Baane Mini Imports,Norway
45,75.63,7,3403.35,29/01/2003,Shipped,1,Trucks and Buses,Baane Mini Imports,Norway
27,100.0,8,2700.0,29/01/2003,Shipped,1,Trucks and Buses,Baane Mini Imports,Norway
41,47.29,9,1938.89,29/01/2003,Shipped,1,Vintage Cars,Baane Mini Imports,Norway
35,100.0,10,3500.0,29/01/2003,Shipped,1,Trucks and Buses,Baane Mini Imports,Norway
26,100.0,11,2600.0,29/01/2003,Shipped,1,Classic Cars,Baane Mini Imports,Norway
27,83.07,12,2242.89,29/01/2003,Shipped,1,Vintage Cars,Baane Mini Imports,Norway
25,100.0,13,2500.0,29/01/2003,Shipped,1,Vintage Cars,Baane Mini Imports,Norway
35,57.46,14,2011.1,29/01/2003,Shipped,1,Vintage Cars,Baane Mini Imports,Norway
25,100.0,15,2500.0,29/01/2003,Shipped,1,Vintage Cars,Baane Mini Imports,Norway
46,100.0,16,4600.0,29/01/2003,Shipped,1,Vintage Cars,Baane Mini Imports,Norway
34,100.0,1,3400.0,31/01/2003,Shipped,1,Classic Cars,Euro Shopping Channel,Spain
32,53.31,2,1705.92,31/01/2003,Shipped,1,Trains,Euro Shopping Channel,Spain
38,100.0,3,3800.0,31/01/2003,Shipped,1,Classic Cars,Euro Shopping Channel,Spain
49,65.87,4,3227.63,31/01/2003,Shipped,1,Trains,Euro Shopping Channel,Spain
26,100.0,5,2600.0,31/01/2003,Shipped,1,Classic Cars,Euro Shopping Channel,Spain
35,55.49,6,1942.15,31/01/2003,Shipped,1,Classic Cars,Euro Shopping Channel,Spain
33,100.0,7,3300.0,31/01/2003,Shipped,1,Trucks and Buses,Euro Shopping Channel,Spain
24,100.0,8,2400.0,31/01/2003,Shipped,1,Classic Cars,Euro Shopping Channel,Spain
41,100.0,9,4100.0,31/01/2003,Shipped,1,Trucks and Buses,Euro Shopping Channel,Spain
44,39.6,10,1742.4,31/01/2003,Shipped,1,Classic Cars,Euro Shopping Channel,Spain
35,47.62,11,1666.7,31/01/2003,Shipped,1,Trucks and Buses,Euro Shopping Channel,Spain
29,100.0,12,2900.0,31/01/2003,Shipped,1,Trucks and Buses,Euro Shopping Channel,Spain
23,100.0,13,2300.0,31/01/2003,Shipped,1,Classic Cars,Euro Shopping Channel,Spain
50,79.67,1,3983.5,11/02/2003,Shipped,1,Vintage Cars,Danish Wholesale Imports,Denmark
50,100.0,2,5000.0,11/02/2003,Shipped,1,Classic Cars,Danish Wholesale Imports,Denmark
31,65.77,3,2038.87,11/02/2003,Shipped,1,Ships,Danish Wholesale Imports,Denmark
44,72.58,4,3193.52,11/02/2003,Shipped,1,Vintage Cars,Danish Wholesale Imports,Denmark
41,70.67,5,2897.47,11/02/2003,Shipped,1,Ships,Danish Wholesale Imports,Denmark
39,81.14,6,3164.46,11/02/2003,Shipped,1,Ships,Danish Wholesale Imports,Denmark
22,100.0,7,2200.0,11/02/2003,Shipped,1,Ships,Danish Wholesale Imports,Denmark
25,56.78,8,1419.5,11/02/2003,Shipped,1,Ships,Danish Wholesale Imports,Denmark
43,100.0,9,4300.0,11/02/2003,Shipped,1,Ships,Danish Wholesale Imports,Denmark
41,82.5,10,3382.5,11/02/2003,Shipped,1,Vintage Cars,Danish Wholesale Imports,Denmark
22,100.0,11,2200.0,11/02/2003,Shipped,1,Vintage Cars,Danish Wholesale Imports,Denmark
29,70.15,12,2034.35,11/02/2003,Shipped,1,Ships,Danish Wholesale Imports,Denmark
38,100.0,13,3800.0,11/02/2003,Shipped,1,Trains,Danish Wholesale Imports,Denmark
29,100.0,14,2900.0,11/02/2003,Shipped,1,Classic Cars,Danish Wholesale Imports,Denmark
41,100.0,15,4100.0,11/02/2003,Shipped,1,Classic Cars,Danish Wholesale Imports,Denmark
32,100.0,1,3200.0,17/02/2003,Shipped,1,Planes,Rovelli Gifts,Italy
34,90.39,2,3073.26,17/02/2003,Shipped,1,Planes,Rovelli Gifts,Italy
26,63.76,3,1657.76,17/02/2003,Shipped,1,Planes,Rovelli Gifts,Italy
28,88.63,4,2481.64,17/02/2003,Shipped,1,Planes,Rovelli Gifts,Italy
33,72.92,5,2406.36,17/02/2003,Shipped,1,Vintage Cars,Rovelli Gifts,Italy
39,40.15,6,1565.85,17/02/2003,Shipped,1,Vintage Cars,Rovelli Gifts,Italy
31,100.0,7,3100.0,17/02/2003,Shipped,1,Planes,Rovelli Gifts,Italy
44,74.4,8,3273.6,17/02/2003,Shipped,1,Planes,Rovelli Gifts,Italy
34,100.0,9,3400.0,17/02/2003,Shipped,1,Planes,Rovelli Gifts,Italy
48,61.44,10,2949.12,17/02/2003,Shipped,1,Planes,Rovelli Gifts,Italy
50,64.83,11,3241.5,17/02/2003,Shipped,1,Planes,Rovelli Gifts,Italy
36,100.0,12,3600.0,17/02/2003,Shipped,1,Planes,Rovelli Gifts,Italy
49,74.68,13,3659.32,17/02/2003,Shipped,1,Planes,Rovelli Gifts,Italy
31,52.6,14,1630.6,17/02/2003,Shipped,1,Vintage Cars,Rovelli Gifts,Italy
48,52.64,15,2526.72,17/02/2003,Shipped,1,Planes,Rovelli Gifts,Italy
30,100.0,16,3000.0,17/02/2003,Shipped,1,Ships,Rovelli Gifts,Italy
41,100.0,17,4100.0,17/02/2003,Shipped,1,Vintage Cars,Rovelli Gifts,Italy
41,83.44,18,3421.04,17/02/2003,Shipped,1,Ships,Rovelli Gifts,Italy
21,100.0,1,2100.0,24/02/2003,Shipped,1,Motorcycles,Land of Toys Inc.,USA
30,95.7,2,2871.0,24/02/2003,Shipped,1,Motorcycles,Land of Toys Inc.,USA
25,100.0,3,2500.0,24/02/2003,Shipped,1,Motorcycles,Land of Toys Inc.,USA
27,100.0,4,2700.0,24/02/2003,Shipped,1,Motorcycles,Land of Toys Inc.,USA
39,99.91,5,3896.49,24/02/2003,Shipped,1,Motorcycles,Land of Toys Inc.,USA
29,70.87,6,2055.23,24/02/2003,Shipped,1,Motorcycles,Land of Toys Inc.,USA
38,83.03,7,3155.14,24/02/2003,Shipped,1,Motorcycles,Land of Toys Inc.,USA
20,92.9,8,1858.0,24/02/2003,Shipped,1,Motorcycles,Land of Toys Inc.,USA
40,100.0,1,4000.0,03/03/2003,Shipped,1,Classic Cars,Cruz & Sons Co.,Philippines
38,82.39,2,3130.82,03/03/2003,Shipped,1,Classic Cars,Cruz & Sons Co.,Philippines
36,100.0,3,3600.0,03/03/2003,Shipped,1,Classic Cars,Cruz & Sons Co.,Philippines
45,100.0,4,4500.0,03/03/2003,Shipped,1,Classic Cars,Cruz & Sons Co.,Philippines
30,63.07,5,1892.1,03/03/2003,Shipped,1,Classic Cars,Cruz & Sons Co.,Philippines
33,100.0,6,3300.0,03/03/2003,Shipped,1,Classic Cars,Cruz & Sons Co.,Philippines
39,89.38,7,3485.82,03/03/2003,Shipped,1,Classic Cars,Cruz & Sons Co.,Philippines
29,100.0,8,2900.0,03/03/2003,Shipped,1,Classic Cars,Cruz & Sons Co.,Philippines
26,68.35,9,1777.1,03/03/2003,Shipped,1,Classic Cars,Cruz & Sons Co.,Philippines
31,68.71,10,2130.01,03/03/2003,Shipped,1,Classic Cars,Cruz & Sons Co.,Philippines
44,100.0,11,4400.0,03/03/2003,Shipped,1,Classic Cars,Cruz & Sons Co.,Philippines
43,67.77,12,2914.11,03/03/2003,Shipped,1,Motorcycles,Cruz & Sons Co.,Philippines
27,43.45,13,1173.15,03/03/2003,Shipped,1,Motorcycles,Cruz & Sons Co.,Philippines
34,82.99,14,2821.66,03/03/2003,Shipped,1,Motorcycles,Cruz & Sons Co.,Philippines
35,58.87,15,2060.45,03/03/2003,Shipped,1,Motorcycles,Cruz & Sons Co.,Philippines
31,100.0,16,3100.0,03/03/2003,Shipped,1,Motorcycles,Cruz & Sons Co.,Philippines
26,100.0,1,2600.0,10/03/2003,Shipped,1,Classic Cars,Motor Mint Distributors Inc.,USA
47,100.0,2,4700.0,10/03/2003,Shipped,1,Classic Cars,Motor Mint Distributors Inc.,USA
38,100.0,3,3800.0,10/03/2003,Shipped,1,Classic Cars,Motor Mint Distributors Inc.,USA
26,100.0,4,2600.0,10/03/2003,Shipped,1,Classic Cars,Motor Mint Distributors Inc.,USA
46,100.0,5,4600.0,10/03/2003,Shipped,1,Classic Cars,Motor Mint Distributors Inc.,USA
29,32.1,6,930.9,10/03/2003,Shipped,1,Classic Cars,Motor Mint Distributors Inc.,USA
31,100.0,1,3100.0,18/03/2003,Shipped,1,Vintage Cars,"AV Stores, Co.",UK
39,44.35,2,1729.65,18/03/2003,Shipped,1,Vintage Cars,"AV Stores, Co.",UK
20,35.51,3,710.2,18/03/2003,Shipped,1,Vintage Cars,"AV Stores, Co.",UK
33,100.0,4,3300.0,18/03/2003,Shipped,1,Vintage Cars,"AV Stores, Co.",UK
48,34.47,5,1654.56,18/03/2003,Shipped,1,Vintage Cars,"AV Stores, Co.",UK
32,50.25,6,1608.0,18/03/2003,Shipped,1,Vintage Cars,"AV Stores, Co.",UK
42,100.0,7,4200.0,18/03/2003,Shipped,1,Vintage Cars,"AV Stores, Co.",UK
28,89.27,8,2499.56,18/03/2003,Shipped,1,Vintage Cars,"AV Stores, Co.",UK
42,61.29,9,2574.18,18/03/2003,Shipped,1,Classic Cars,"AV Stores, Co.",UK
46,100.0,10,4600.0,18/03/2003,Shipped,1,Classic Cars,"AV Stores, Co.",UK
43,78.15,11,3360.45,18/03/2003,Shipped,1,Classic Cars,"AV Stores, Co.",UK
27,73.62,12,1987.74,18/03/2003,Shipped,1,Classic Cars,"AV Stores, Co.",UK
36,85.25,13,3069.0,18/03/2003,Shipped,1,Classic Cars,"AV Stores, Co.",UK
37,100.0,14,3700.0,18/03/2003,Shipped,1,Classic Cars,"AV Stores, Co.",UK
29,59.37,15,1721.73,18/03/2003,Shipped,1,Classic Cars,"AV Stores, Co.",UK
37,100.0,16,3700.0,18/03/2003,Shipped,1,Classic Cars,"AV Stores, Co.",UK
29,100.0,1,2900.0,24/03/2003,Shipped,1,Classic Cars,"Volvo Model Replicas, Co",Sweden
23,100.0,2,2300.0,24/03/2003,Shipped,1,Vintage Cars,"Volvo Model Replicas, Co",Sweden
43,100.0,1,4300.0,25/03/2003,Shipped,1,Vintage Cars,Mini Wheels Co.,USA
28,64.33,2,1801.24,25/03/2003,Shipped,1,Vintage Cars,Mini Wheels Co.,USA
26,86.68,3,2253.68,25/03/2003,Shipped,1,Vintage Cars,Mini Wheels Co.,USA
39,100.0,4,3900.0,25/03/2003,Shipped,1,Vintage Cars,Mini Wheels Co.,USA
48,49.06,5,2354.88,25/03/2003,Shipped,1,Vintage Cars,Mini Wheels Co.,USA
33,99.66,6,3288.78,25/03/2003,Shipped,1,Vintage Cars,Mini Wheels Co.,USA
23,68.52,1,1575.96,26/03/2003,Shipped,1,Trucks and Buses,Mini Gifts Distributors Ltd.,USA
21,100.0,2,2100.0,26/03/2003,Shipped,1,Trucks and Buses,Mini Gifts Distributors Ltd.,USA
50,49.81,3,2490.5,26/03/2003,Shipped,1,Vintage Cars,Mini Gifts Distributors Ltd.,USA
49,100.0,4,4900.0,26/03/2003,Shipped,1,Trucks and Buses,Mini Gifts Distributors Ltd.,USA
24,30.06,1,721.44,01/04/2003,Shipped,2,Classic Cars,"La Corne D'abondance, Co.",France
28,55.73,2,1560.44,01/04/2003,Shipped,2,Trucks and Buses,"La Corne D'abondance, Co.",France
39,100.0,3,3900.0,01/04/2003,Shipped,2,Trucks and Buses,"La Corne D'abondance, Co.",France
48,100.0,4,4800.0,01/04/2003,Shipped,2,Classic Cars,"La Corne D'abondance, Co.",France
21,100.0,5,2100.0,01/04/2003,Shipped,2,Trucks and Buses,"La Corne D'abondance, Co.",France
45,68.67,6,3090.15,01/04/2003,Shipped,2,Trucks and Buses,"La Corne D'abondance, Co.",France
32,100.0,7,3200.0,01/04/2003,Shipped,2,Trucks and Buses,"La Corne D'abondance, Co.",France
31,100.0,8,3100.0,01/04/2003,Shipped,2,Classic Cars,"La Corne D'abondance, Co.",France
41,100.0,9,4100.0,01/04/2003,Shipped,2,Trucks and Buses,"La Corne D'abondance, Co.",France
42,100.0,10,4200.0,01/04/2003,Shipped,2,Classic Cars,"La Corne D'abondance, Co.",France
44,100.0,1,4400.0,04/04/2003,Shipped,2,Classic Cars,Classic Legends Inc.,USA
47,69.36,2,3259.92,04/04/2003,Shipped,2,Classic Cars,Classic Legends Inc.,USA
27,100.0,3,2700.0,04/04/2003,Shipped,2,Trucks and Buses,Classic Legends Inc.,USA
46,100.0,4,4600.0,04/04/2003,Shipped,2,Classic Cars,Classic Legends Inc.,USA
46,100.0,5,4600.0,04/04/2003,Shipped,2,Trucks and Buses,Classic Legends Inc.,USA
27,63.38,1,1711.26,11/04/2003,Shipped,2,Trains,Royale Belge,Belgium
45,83.42,1,3753.9,16/04/2003,Shipped,2,Ships,"Dragon Souveniers, Ltd.",Singapore
50,43.68,2,2184.0,16/04/2003,Shipped,2,Ships,"Dragon Souveniers, Ltd.",Singapore
41,100.0,3,4100.0,16/04/2003,Shipped,2,Ships,"Dragon Souveniers, Ltd.",Singapore
23,97.42,4,2240.66,16/04/2003,Shipped,2,Vintage Cars,"Dragon Souveniers, Ltd.",Singapore
26,100.0,5,2600.0,16/04/2003,Shipped,2,Vintage Cars,"Dragon Souveniers, Ltd.",Singapore
38,79.68,6,3027.84,16/04/2003,Shipped,2,Ships,"Dragon Souveniers, Ltd.",Singapore
21,95.8,7,2011.8,16/04/2003,Shipped,2,Trains,"Dragon Souveniers, Ltd.",Singapore
39,100.0,8,3900.0,16/04/2003,Shipped,2,Classic Cars,"Dragon Souveniers, Ltd.",Singapore
33,100.0,9,3300.0,16/04/2003,Shipped,2,Classic Cars,"Dragon Souveniers, Ltd.",Singapore
43,100.0,10,4300.0,16/04/2003,Shipped,2,Classic Cars,"Dragon Souveniers, Ltd.",Singapore
21,49.21,11,1033.41,16/04/2003,Shipped,2,Trains,"Dragon Souveniers, Ltd.",Singapore
22,100.0,12,2200.0,16/04/2003,Shipped,2,Classic Cars,"Dragon Souveniers, Ltd.",Singapore
36,100.0,1,3600.0,21/04/2003,Shipped,2,Ships,Enaco Distributors,Spain
26,59.22,1,1539.72,28/04/2003,Shipped,2,Planes,Salzburg Collectables,Austria
28,70.29,2,1968.12,28/04/2003,Shipped,2,Planes,Salzburg Collectables,Austria
43,100.0,3,4300.0,28/04/2003,Shipped,2,Planes,Salzburg Collectables,Austria
41,59.6,4,2443.6,28/04/2003,Shipped,2,Planes,Salzburg Collectables,Austria
20,72.98,5,1459.6,28/04/2003,Shipped,2,Vintage Cars,Salzburg Collectables,Austria
28,48.17,6,1348.76,28/04/2003,Shipped,2,Planes,Salzburg Collectables,Austria
29,94.14,7,2730.06,28/04/2003,Shipped,2,Ships,Salzburg Collectables,Austria
27,99.52,8,2687.04,28/04/2003,Shipped,2,Vintage Cars,Salzburg Collectables,Austria
21,89.46,9,1878.66,28/04/2003,Shipped,2,Ships,Salzburg Collectables,Austria
35,90.57,10,3169.95,28/04/2003,Shipped,2,Vintage Cars,Salzburg Collectables,Austria
46,100.0,11,4600.0,28/04/2003,Shipped,2,Classic Cars,Salzburg Collectables,Austria
38,65.77,12,2499.26,28/04/2003,Shipped,2,Ships,Salzburg Collectables,Austria
35,87.62,13,3066.7,28/04/2003,Shipped,2,Vintage Cars,Salzburg Collectables,Austria
25,76.67,14,1916.75,28/04/2003,Shipped,2,Ships,Salzburg Collectables,Austria
35,98.05,1,3431.75,29/04/2003,Shipped,2,Motorcycles,"Australian Collectors, Co.",Australia
46,100.0,2,4600.0,29/04/2003,Shipped,2,Motorcycles,"Australian Collectors, Co.",Australia
29,96.34,3,2793.86,29/04/2003,Shipped,2,Motorcycles,"Australian Collectors, Co.",Australia
46,58.15,4,2674.9,29/04/2003,Shipped,2,Motorcycles,"Australian Collectors, Co.",Australia
34,83.79,5,2848.86,29/04/2003,Shipped,2,Motorcycles,"Australian Collectors, Co.",Australia
22,100.0,6,2200.0,29/04/2003,Shipped,2,Motorcycles,"Australian Collectors, Co.",Australia
24,100.0,7,2400.0,29/04/2003,Shipped,2,Planes,"Australian Collectors, Co.",Australia
29,71.81,8,2082.49,29/04/2003,Shipped,2,Planes,"Australian Collectors, Co.",Australia
29,85.49,9,2479.21,29/04/2003,Shipped,2,Planes,"Australian Collectors, Co.",Australia
39,100.0,10,3900.0,29/04/2003,Shipped,2,Planes,"Australian Collectors, Co.",Australia
29,72.23,11,2094.67,29/04/2003,Shipped,2,Vintage Cars,"Australian Collectors, Co.",Australia
49,50.62,12,2480.38,29/04/2003,Shipped,2,Vintage Cars,"Australian Collectors, Co.",Australia
47,82.21,13,3863.87,29/04/2003,Shipped,2,Planes,"Australian Collectors, Co.",Australia
43,76.0,14,3268.0,29/04/2003,Shipped,2,Planes,"Australian Collectors, Co.",Australia
24,100.0,15,2400.0,29/04/2003,Shipped,2,Planes,"Australian Collectors, Co.",Australia
44,74.85,1,3293.4,07/05/2003,Shipped,2,Motorcycles,Reims Collectables,France
32,76.88,2,2460.16,07/05/2003,Shipped,2,Motorcycles,Reims Collectables,France
25,86.74,3,2168.5,07/05/2003,Shipped,2,Motorcycles,Reims Collectables,France
50,100.0,4,5000.0,07/05/2003,Shipped,2,Motorcycles,Reims Collectables,France
34,81.35,5,2765.9,07/05/2003,Shipped,2,Motorcycles,Reims Collectables,France
31,100.0,1,3100.0,08/05/2003,Shipped,2,Classic Cars,Marseille Mini Autos,France
34,100.0,2,3400.0,08/05/2003,Shipped,2,Classic Cars,Marseille Mini Autos,France
25,100.0,3,2500.0,08/05/2003,Shipped,2,Classic Cars,Marseille Mini Autos,France
39,30.96,4,1207.44,08/05/2003,Shipped,2,Classic Cars,Marseille Mini Autos,France
43,100.0,5,4300.0,08/05/2003,Shipped,2,Classic Cars,Marseille Mini Autos,France
43,72.38,6,3112.34,08/05/2003,Shipped,2,Classic Cars,Marseille Mini Autos,France
20,100.0,7,2000.0,08/05/2003,Shipped,2,Classic Cars,Marseille Mini Autos,France
37,99.82,8,3693.34,08/05/2003,Shipped,2,Classic Cars,Marseille Mini Autos,France
34,50.21,9,1707.14,08/05/2003,Shipped,2,Classic Cars,Marseille Mini Autos,France
42,100.0,10,4200.0,08/05/2003,Shipped,2,Classic Cars,Marseille Mini Autos,France
32,63.84,11,2042.88,08/05/2003,Shipped,2,Classic Cars,Marseille Mini Autos,France
21,100.0,12,2100.0,08/05/2003,Shipped,2,Classic Cars,Marseille Mini Autos,France
21,73.17,13,1536.57,08/05/2003,Shipped,2,Classic Cars,Marseille Mini Autos,France
29,71.14,14,2063.06,08/05/2003,Shipped,2,Classic Cars,Marseille Mini Autos,France
28,100.0,15,2800.0,08/05/2003,Shipped,2,Classic Cars,Marseille Mini Autos,France
35,49.74,16,1740.9,08/05/2003,Shipped,2,Motorcycles,Marseille Mini Autos,France
31,44.66,17,1384.46,08/05/2003,Shipped,2,Motorcycles,Marseille Mini Autos,France
50,59.87,1,2993.5,20/05/2003,Shipped,2,Classic Cars,Atelier graphique,France
26,100.0,2,2600.0,20/05/2003,Shipped,2,Classic Cars,Atelier graphique,France
46,100.0,3,4600.0,20/05/2003,Shipped,2,Classic Cars,Atelier graphique,France
34,100.0,4,3400.0,20/05/2003,Shipped,2,Classic Cars,Atelier graphique,France
32,100.0,1,3200.0,21/05/2003,Shipped,2,Vintage Cars,"Australian Collectors, Co.",Australia
22,45.25,1,995.5,21/05/2003,Shipped,2,Vintage Cars,Signal Gift Stores,USA
34,100.0,2,3400.0,21/05/2003,Shipped,2,Vintage Cars,"Australian Collectors, Co.",Australia
45,37.84,2,1702.8,21/05/2003,Shipped,2,Vintage Cars,Signal Gift Stores,USA
42,100.0,3,4200.0,21/05/2003,Shipped,2,Vintage Cars,Signal Gift Stores,USA
46,33.23,4,1528.58,21/05/2003,Shipped,2,Vintage Cars,Signal Gift Stores,USA
42,53.88,5,2262.96,21/05/2003,Shipped,2,Vintage Cars,Signal Gift Stores,USA
21,100.0,6,2100.0,21/05/2003,Shipped,2,Vintage Cars,Signal Gift Stores,USA
36,85.59,7,3081.24,21/05/2003,Shipped,2,Vintage Cars,Signal Gift Stores,USA
23,57.73,8,1327.79,21/05/2003,Shipped,2,Classic Cars,Signal Gift Stores,USA
25,93.95,9,2348.75,21/05/2003,Shipped,2,Classic Cars,Signal Gift Stores,USA
32,72.7,10,2326.4,21/05/2003,Shipped,2,Classic Cars,Signal Gift Stores,USA
49,83.04,11,4068.96,21/05/2003,Shipped,2,Classic Cars,Signal Gift Stores,USA
22,77.9,12,1713.8,21/05/2003,Shipped,2,Classic Cars,Signal Gift Stores,USA
43,100.0,13,4300.0,21/05/2003,Shipped,2,Classic Cars,Signal Gift Stores,USA
27,100.0,1,2700.0,28/05/2003,Shipped,2,Trucks and Buses,"Corrida Auto Replicas, Ltd",Spain
43,65.02,2,2795.86,28/05/2003,Shipped,2,Trucks and Buses,"Corrida Auto Replicas, Ltd",Spain
43,96.31,3,4141.33,28/05/2003,Shipped,2,Trucks and Buses,"Corrida Auto Replicas, Ltd",Spain
22,100.0,4,2200.0,28/05/2003,Shipped,2,Classic Cars,"Corrida Auto Replicas, Ltd",Spain
50,100.0,5,5000.0,28/05/2003,Shipped,2,Trucks and Buses,"Corrida Auto Replicas, Ltd",Spain
45,100.0,6,4500.0,28/05/2003,Shipped,2,Classic Cars,"Corrida Auto Replicas, Ltd",Spain
26,62.7,7,1630.2,28/05/2003,Shipped,2,Trucks and Buses,"Corrida Auto Replicas, Ltd",Spain
21,100.0,8,2100.0,28/05/2003,Shipped,2,Trucks and Buses,"Corrida Auto Replicas, Ltd",Spain
43,53.83,9,2314.69,28/05/2003,Shipped,2,Vintage Cars,"Corrida Auto Replicas, Ltd",Spain
38,100.0,10,3800.0,28/05/2003,Shipped,2,Trucks and Buses,"Corrida Auto Replicas, Ltd",Spain
38,100.0,11,3800.0,28/05/2003,Shipped,2,Classic Cars,"Corrida Auto Replicas, Ltd",Spain
31,90.17,12,2795.27,28/05/2003,Shipped,2,Vintage Cars,"Corrida Auto Replicas, Ltd",Spain
30,97.39,13,2921.7,28/05/2003,Shipped,2,Vintage Cars,"Corrida Auto Replicas, Ltd",Spain
46,73.7,14,3390.2,28/05/2003,Shipped,2,Vintage Cars,"Corrida Auto Replicas, Ltd",Spain
34,100.0,15,3400.0,28/05/2003,Shipped,2,Vintage Cars,"Corrida Auto Replicas, Ltd",Spain
38,82.34,16,3128.92,28/05/2003,Shipped,2,Vintage Cars,"Corrida Auto Replicas, Ltd",Spain
42,54.99,17,2309.58,28/05/2003,Shipped,2,Vintage Cars,"Corrida Auto Replicas, Ltd",Spain
42,100.0,1,4200.0,03/06/2003,Shipped,2,Classic Cars,Muscle Machine Inc,USA
46,100.0,2,4600.0,03/06/2003,Shipped,2,Classic Cars,Muscle Machine Inc,USA
46,100.0,3,4600.0,03/06/2003,Shipped,2,Classic Cars,Muscle Machine Inc,USA
46,69.12,4,3179.52,03/06/2003,Shipped,2,Trains,Muscle Machine Inc,USA
25,100.0,5,2500.0,03/06/2003,Shipped,2,Classic Cars,Muscle Machine Inc,USA
29,70.84,6,2054.36,03/06/2003,Shipped,2,Trains,Muscle Machine Inc,USA
20,96.99,7,1939.8,03/06/2003,Shipped,2,Classic Cars,Muscle Machine Inc,USA
20,60.69,8,1213.8,03/06/2003,Shipped,2,Classic Cars,Muscle Machine Inc,USA
46,100.0,9,4600.0,03/06/2003,Shipped,2,Trucks and Buses,Muscle Machine Inc,USA
45,100.0,10,4500.0,03/06/2003,Shipped,2,Classic Cars,Muscle Machine Inc,USA
24,100.0,11,2400.0,03/06/2003,Shipped,2,Trucks and Buses,Muscle Machine Inc,USA
39,38.19,12,1489.41,03/06/2003,Shipped,2,Classic Cars,Muscle Machine Inc,USA
45,51.95,13,2337.75,03/06/2003,Shipped,2,Trucks and Buses,Muscle Machine Inc,USA
45,100.0,14,4500.0,03/06/2003,Shipped,2,Trucks and Buses,Muscle Machine Inc,USA
22,100.0,15,2200.0,03/06/2003,Shipped,2,Classic Cars,Muscle Machine Inc,USA
43,92.16,1,3962.88,06/06/2003,Shipped,2,Vintage Cars,Euro Shopping Channel,Spain
41,100.0,2,4100.0,06/06/2003,Shipped,2,Vintage Cars,Euro Shopping Channel,Spain
32,97.0,3,3104.0,06/06/2003,Shipped,2,Ships,Euro Shopping Channel,Spain
41,100.0,4,4100.0,06/06/2003,Shipped,2,Trains,Euro Shopping Channel,Spain
50,77.99,1,3899.5,12/06/2003,Shipped,2,Vintage Cars,"Stylish Desk Decors, Co.",UK
33,100.0,2,3300.0,12/06/2003,Shipped,2,Classic Cars,"Stylish Desk Decors, Co.",UK
45,85.29,3,3838.05,12/06/2003,Shipped,2,Ships,"Stylish Desk Decors, Co.",UK
41,94.71,4,3883.11,12/06/2003,Shipped,2,Vintage Cars,"Stylish Desk Decors, Co.",UK
31,60.0,5,1860.0,12/06/2003,Shipped,2,Ships,"Stylish Desk Decors, Co.",UK
42,91.15,6,3828.3,12/06/2003,Shipped,2,Ships,"Stylish Desk Decors, Co.",UK
30,85.41,7,2562.3,12/06/2003,Shipped,2,Ships,"Stylish Desk Decors, Co.",UK
32,64.97,8,2079.04,12/06/2003,Shipped,2,Ships,"Stylish Desk Decors, Co.",UK
45,100.0,9,4500.0,12/06/2003,Shipped,2,Ships,"Stylish Desk Decors, Co.",UK
33,100.0,1,3300.0,16/06/2003,Shipped,2,Vintage Cars,Auto-Moto Classics Inc.,USA
40,100.0,1,4000.0,16/06/2003,Shipped,2,Planes,Gift Ideas Corp.,USA
40,96.34,2,3853.6,16/06/2003,Shipped,2,Ships,Auto-Moto Classics Inc.,USA
26,85.13,2,2213.38,16/06/2003,Shipped,2,Planes,Gift Ideas Corp.,USA
50,81.89,3,4094.5,16/06/2003,Shipped,2,Planes,Gift Ideas Corp.,USA
21,100.0,4,2100.0,16/06/2003,Shipped,2,Planes,Gift Ideas Corp.,USA
35,67.14,5,2349.9,16/06/2003,Shipped,2,Planes,Gift Ideas Corp.,USA
29,59.18,6,1716.22,16/06/2003,Shipped,2,Vintage Cars,Gift Ideas Corp.,USA
21,41.71,7,875.91,16/06/2003,Shipped,2,Planes,Gift Ideas Corp.,USA
22,85.99,8,1891.78,16/06/2003,Shipped,2,Ships,Gift Ideas Corp.,USA
23,100.0,1,2300.0,27/06/2003,Shipped,2,Motorcycles,Euro Shopping Channel,Spain
27,99.67,2,2691.09,27/06/2003,Shipped,2,Planes,Euro Shopping Channel,Spain
49,69.27,3,3394.23,27/06/2003,Shipped,2,Planes,Euro Shopping Channel,Spain
46,77.52,4,3565.92,27/06/2003,Shipped,2,Planes,Euro Shopping Channel,Spain
41,94.1,5,3858.1,27/06/2003,Shipped,2,Planes,Euro Shopping Channel,Spain
49,57.1,6,2797.9,27/06/2003,Shipped,2,Vintage Cars,Euro Shopping Channel,Spain
27,50.19,7,1355.13,27/06/2003,Shipped,2,Vintage Cars,Euro Shopping Channel,Spain
24,77.64,8,1863.36,27/06/2003,Shipped,2,Planes,Euro Shopping Channel,Spain
20,100.0,1,2000.0,01/07/2003,Shipped,3,Motorcycles,Lyon Souveniers,France
41,94.74,2,3884.34,01/07/2003,Shipped,3,Motorcycles,Lyon Souveniers,France
35,93.54,3,3273.9,01/07/2003,Shipped,3,Motorcycles,Lyon Souveniers,France
31,100.0,4,3100.0,01/07/2003,Shipped,3,Motorcycles,Lyon Souveniers,France
27,100.0,5,2700.0,01/07/2003,Shipped,3,Motorcycles,Lyon Souveniers,France
30,61.78,6,1853.4,01/07/2003,Shipped,3,Motorcycles,Lyon Souveniers,France
43,83.03,7,3570.29,01/07/2003,Shipped,3,Motorcycles,Lyon Souveniers,France
20,35.87,1,717.4,02/07/2003,Shipped,3,Classic Cars,Mini Gifts Distributors Ltd.,USA
47,100.0,2,4700.0,02/07/2003,Shipped,3,Classic Cars,Mini Gifts Distributors Ltd.,USA
48,79.31,3,3806.88,02/07/2003,Shipped,3,Classic Cars,Mini Gifts Distributors Ltd.,USA
29,97.89,4,2838.81,02/07/2003,Shipped,3,Classic Cars,Mini Gifts Distributors Ltd.,USA
48,100.0,5,4800.0,02/07/2003,Shipped,3,Classic Cars,Mini Gifts Distributors Ltd.,USA
27,66.13,6,1785.51,02/07/2003,Shipped,3,Classic Cars,Mini Gifts Distributors Ltd.,USA
42,100.0,7,4200.0,02/07/2003,Shipped,3,Classic Cars,Mini Gifts Distributors Ltd.,USA
24,75.01,8,1800.24,02/07/2003,Shipped,3,Classic Cars,Mini Gifts Distributors Ltd.,USA
42,100.0,9,4200.0,02/07/2003,Shipped,3,Classic Cars,Mini Gifts Distributors Ltd.,USA
45,78.0,10,3510.0,02/07/2003,Shipped,3,Classic Cars,Mini Gifts Distributors Ltd.,USA
23,87.31,11,2008.13,02/07/2003,Shipped,3,Classic Cars,Mini Gifts Distributors Ltd.,USA
31,100.0,12,3100.0,02/07/2003,Shipped,3,Classic Cars,Mini Gifts Distributors Ltd.,USA
45,50.36,13,2266.2,02/07/2003,Shipped,3,Motorcycles,Mini Gifts Distributors Ltd.,USA
33,40.23,14,1327.59,02/07/2003,Shipped,3,Motorcycles,Mini Gifts Distributors Ltd.,USA
44,96.0,15,4224.0,02/07/2003,Shipped,3,Motorcycles,Mini Gifts Distributors Ltd.,USA
29,61.64,16,1787.56,02/07/2003,Shipped,3,Motorcycles,Mini Gifts Distributors Ltd.,USA
30,89.8,17,2694.0,02/07/2003,Shipped,3,Motorcycles,Mini Gifts Distributors Ltd.,USA
36,100.0,1,3600.0,04/07/2003,Shipped,3,Classic Cars,Alpha Cognac,France
25,100.0,2,2500.0,04/07/2003,Shipped,3,Classic Cars,Alpha Cognac,France
41,100.0,3,4100.0,04/07/2003,Shipped,3,Classic Cars,Alpha Cognac,France
26,49.81,1,1295.06,10/07/2003,Shipped,3,Classic Cars,Reims Collectables,France
44,99.55,2,4380.2,10/07/2003,Shipped,3,Classic Cars,Reims Collectables,France
37,100.0,3,3700.0,10/07/2003,Shipped,3,Classic Cars,Reims Collectables,France
31,100.0,4,3100.0,10/07/2003,Shipped,3,Classic Cars,Reims Collectables,France
46,100.0,1,4600.0,16/07/2003,Shipped,3,Vintage Cars,Souveniers And Things Co.,Australia
20,90.06,2,1801.2,16/07/2003,Shipped,3,Vintage Cars,Souveniers And Things Co.,Australia
20,71.2,3,1424.0,16/07/2003,Shipped,3,Vintage Cars,Souveniers And Things Co.,Australia
29,100.0,4,2900.0,16/07/2003,Shipped,3,Vintage Cars,Souveniers And Things Co.,Australia
30,100.0,5,3000.0,16/07/2003,Shipped,3,Vintage Cars,Souveniers And Things Co.,Australia
49,43.13,6,2113.37,16/07/2003,Shipped,3,Vintage Cars,Souveniers And Things Co.,Australia
31,100.0,7,3100.0,16/07/2003,Shipped,3,Vintage Cars,Souveniers And Things Co.,Australia
41,100.0,8,4100.0,16/07/2003,Shipped,3,Vintage Cars,Souveniers And Things Co.,Australia
47,100.0,1,4700.0,24/07/2003,Shipped,3,Trucks and Buses,Technics Stores Inc.,USA
46,61.99,2,2851.54,24/07/2003,Shipped,3,Trucks and Buses,Technics Stores Inc.,USA
26,100.0,3,2600.0,24/07/2003,Shipped,3,Trucks and Buses,Technics Stores Inc.,USA
26,100.0,4,2600.0,24/07/2003,Shipped,3,Classic Cars,Technics Stores Inc.,USA
40,100.0,5,4000.0,24/07/2003,Shipped,3,Trucks and Buses,Technics Stores Inc.,USA
36,100.0,6,3600.0,24/07/2003,Shipped,3,Classic Cars,Technics Stores Inc.,USA
28,60.76,7,1701.28,24/07/2003,Shipped,3,Trucks and Buses,Technics Stores Inc.,USA
38,100.0,8,3800.0,24/07/2003,Shipped,3,Trucks and Buses,Technics Stores Inc.,USA
29,43.27,9,1254.83,24/07/2003,Shipped,3,Vintage Cars,Technics Stores Inc.,USA
32,100.0,10,3200.0,24/07/2003,Shipped,3,Trucks and Buses,Technics Stores Inc.,USA
37,100.0,11,3700.0,24/07/2003,Shipped,3,Classic Cars,Technics Stores Inc.,USA
40,94.62,1,3784.8,01/08/2003,Shipped,3,Classic Cars,Suominen Souveniers,Finland
20,54.33,2,1086.6,01/08/2003,Shipped,3,Classic Cars,Suominen Souveniers,Finland
44,100.0,3,4400.0,01/08/2003,Shipped,3,Trucks and Buses,Suominen Souveniers,Finland
39,100.0,4,3900.0,01/08/2003,Shipped,3,Classic Cars,Suominen Souveniers,Finland
21,100.0,5,2100.0,01/08/2003,Shipped,3,Trucks and Buses,Suominen Souveniers,Finland
21,42.43,6,891.03,01/08/2003,Shipped,3,Classic Cars,Suominen Souveniers,Finland
24,45.99,7,1103.76,01/08/2003,Shipped,3,Trucks and Buses,Suominen Souveniers,Finland
47,100.0,8,4700.0,01/08/2003,Shipped,3,Trucks and Buses,Suominen Souveniers,Finland
34,100.0,9,3400.0,01/08/2003,Shipped,3,Classic Cars,Suominen Souveniers,Finland
49,98.25,1,4814.25,08/08/2003,Shipped,3,Vintage Cars,Mini Gifts Distributors Ltd.,USA
41,64.0,2,2624.0,08/08/2003,Shipped,3,Ships,Mini Gifts Distributors Ltd.,USA
21,100.0,3,2100.0,08/08/2003,Shipped,3,Ships,Mini Gifts Distributors Ltd.,USA
38,85.41,4,3245.58,08/08/2003,Shipped,3,Ships,Mini Gifts Distributors Ltd.,USA
39,44.23,5,1724.97,08/08/2003,Shipped,3,Ships,Mini Gifts Distributors Ltd.,USA
33,100.0,6,3300.0,08/08/2003,Shipped,3,Ships,Mini Gifts Distributors Ltd.,USA
24,70.22,7,1685.28,08/08/2003,Shipped,3,Vintage Cars,Mini Gifts Distributors Ltd.,USA
47,100.0,8,4700.0,08/08/2003,Shipped,3,Vintage Cars,Mini Gifts Distributors Ltd.,USA
43,84.01,9,3612.43,08/08/2003,Shipped,3,Ships,Mini Gifts Distributors Ltd.,USA
22,97.81,10,2151.82,08/08/2003,Shipped,3,Trains,Mini Gifts Distributors Ltd.,USA
46,100.0,11,4600.0,08/08/2003,Shipped,3,Classic Cars,Mini Gifts Distributors Ltd.,USA
33,100.0,12,3300.0,08/08/2003,Shipped,3,Classic Cars,Mini Gifts Distributors Ltd.,USA
33,100.0,13,3300.0,08/08/2003,Shipped,3,Classic Cars,Mini Gifts Distributors Ltd.,USA
42,49.79,14,2091.18,08/08/2003,Shipped,3,Trains,Mini Gifts Distributors Ltd.,USA
24,100.0,15,2400.0,08/08/2003,Shipped,3,Classic Cars,Mini Gifts Distributors Ltd.,USA
42,74.57,16,3131.94,08/08/2003,Shipped,3,Trains,Mini Gifts Distributors Ltd.,USA
34,36.66,1,1246.44,10/08/2003,Shipped,3,Vintage Cars,Mini Creations Ltd.,USA
36,100.0,2,3600.0,10/08/2003,Shipped,3,Planes,Mini Creations Ltd.,USA
28,96.0,3,2688.0,10/08/2003,Shipped,3,Planes,Mini Creations Ltd.,USA
26,82.77,4,2152.02,10/08/2003,Shipped,3,Planes,Mini Creations Ltd.,USA
34,85.87,5,2919.58,10/08/2003,Shipped,3,Planes,Mini Creations Ltd.,USA
28,66.19,6,1853.32,10/08/2003,Shipped,3,Planes,Mini Creations Ltd.,USA
32,100.0,7,3200.0,10/08/2003,Shipped,3,Planes,Mini Creations Ltd.,USA
27,60.97,8,1646.19,10/08/2003,Shipped,3,Planes,Mini Creations Ltd.,USA
33,77.59,9,2560.47,10/08/2003,Shipped,3,Vintage Cars,Mini Creations Ltd.,USA
37,50.65,10,1874.05,10/08/2003,Shipped,3,Planes,Mini Creations Ltd.,USA
26,100.0,11,2600.0,10/08/2003,Shipped,3,Ships,Mini Creations Ltd.,USA
34,100.0,12,3400.0,10/08/2003,Shipped,3,Vintage Cars,Mini Creations Ltd.,USA
46,74.84,13,3442.64,10/08/2003,Shipped,3,Ships,Mini Creations Ltd.,USA
23,80.51,14,1851.73,10/08/2003,Shipped,3,Vintage Cars,Mini Creations Ltd.,USA
49,100.0,15,4900.0,10/08/2003,Shipped,3,Classic Cars,Mini Creations Ltd.,USA
31,85.29,16,2643.99,10/08/2003,Shipped,3,Ships,Mini Creations Ltd.,USA
20,81.86,1,1637.2,13/08/2003,Shipped,3,Vintage Cars,Royale Belge,Belgium
31,35.8,1,1109.8,25/08/2003,Shipped,3,Motorcycles,Toys4GrownUps.com,USA
38,81.36,2,3091.68,25/08/2003,Shipped,3,Motorcycles,Toys4GrownUps.com,USA
27,60.95,3,1645.65,25/08/2003,Shipped,3,Motorcycles,Toys4GrownUps.com,USA
27,100.0,4,2700.0,25/08/2003,Shipped,3,Motorcycles,Toys4GrownUps.com,USA
49,100.0,5,4900.0,25/08/2003,Shipped,3,Motorcycles,Toys4GrownUps.com,USA
45,83.26,6,3746.7,25/08/2003,Shipped,3,Motorcycles,Toys4GrownUps.com,USA
43,95.8,7,4119.4,25/08/2003,Shipped,3,Motorcycles,Toys4GrownUps.com,USA
33,100.0,8,3300.0,25/08/2003,Shipped,3,Motorcycles,Toys4GrownUps.com,USA
37,100.0,9,3700.0,25/08/2003,Shipped,3,Motorcycles,Toys4GrownUps.com,USA
30,49.67,10,1490.1,25/08/2003,Shipped,3,Motorcycles,Toys4GrownUps.com,USA
47,83.03,11,3902.41,25/08/2003,Shipped,3,Motorcycles,Toys4GrownUps.com,USA
33,93.9,12,3098.7,25/08/2003,Shipped,3,Motorcycles,Toys4GrownUps.com,USA
20,100.0,13,2000.0,25/08/2003,Shipped,3,Planes,Toys4GrownUps.com,USA
30,85.32,14,2559.6,25/08/2003,Shipped,3,Planes,Toys4GrownUps.com,USA
33,84.77,15,2797.41,25/08/2003,Shipped,3,Planes,Toys4GrownUps.com,USA
40,87.54,16,3501.6,25/08/2003,Shipped,3,Planes,Toys4GrownUps.com,USA
29,100.0,1,2900.0,03/09/2003,Shipped,3,Classic Cars,Gift Ideas Corp.,USA
47,67.14,2,3155.58,03/09/2003,Shipped,3,Motorcycles,Gift Ideas Corp.,USA
25,42.67,1,1066.75,05/09/2003,Shipped,3,Classic Cars,Collectables For Less Inc.,USA
23,100.0,2,2300.0,05/09/2003,Shipped,3,Classic Cars,Collectables For Less Inc.,USA
26,82.39,3,2142.14,05/09/2003,Shipped,3,Classic Cars,Collectables For Less Inc.,USA
33,97.89,4,3230.37,05/09/2003,Shipped,3,Classic Cars,Collectables For Less Inc.,USA
31,100.0,5,3100.0,05/09/2003,Shipped,3,Classic Cars,Collectables For Less Inc.,USA
30,68.58,6,2057.4,05/09/2003,Shipped,3,Classic Cars,Collectables For Less Inc.,USA
48,100.0,7,4800.0,05/09/2003,Shipped,3,Classic Cars,Collectables For Less Inc.,USA
21,63.84,8,1340.64,05/09/2003,Shipped,3,Classic Cars,Collectables For Less Inc.,USA
37,100.0,9,3700.0,05/09/2003,Shipped,3,Classic Cars,Collectables For Less Inc.,USA
36,86.04,10,3097.44,05/09/2003,Shipped,3,Classic Cars,Collectables For Less Inc.,USA
31,64.67,11,2004.77,05/09/2003,Shipped,3,Classic Cars,Collectables For Less Inc.,USA
34,100.0,1,3400.0,11/09/2003,Shipped,3,Vintage Cars,"Anna's Decorations, Ltd",Australia
29,81.25,2,2356.25,11/09/2003,Shipped,3,Classic Cars,"Anna's Decorations, Ltd",Australia
34,100.0,3,3400.0,11/09/2003,Shipped,3,Classic Cars,"Anna's Decorations, Ltd",Australia
21,73.6,4,1545.6,11/09/2003,Shipped,3,Classic Cars,"Anna's Decorations, Ltd",Australia
31,73.62,5,2282.22,11/09/2003,Shipped,3,Classic Cars,"Anna's Decorations, Ltd",Australia
25,60.26,6,1506.5,11/09/2003,Shipped,3,Classic Cars,"Anna's Decorations, Ltd",Australia
27,100.0,7,2700.0,11/09/2003,Shipped,3,Classic Cars,"Anna's Decorations, Ltd",Australia
47,56.85,8,2671.95,11/09/2003,Shipped,3,Classic Cars,"Anna's Decorations, Ltd",Australia
47,100.0,9,4700.0,11/09/2003,Shipped,3,Classic Cars,"Anna's Decorations, Ltd",Australia
27,100.0,10,2700.0,11/09/2003,Shipped,3,Classic Cars,"Anna's Decorations, Ltd",Australia
28,100.0,11,2800.0,11/09/2003,Shipped,3,Classic Cars,"Anna's Decorations, Ltd",Australia
25,100.0,12,2500.0,11/09/2003,Shipped,3,Classic Cars,"Anna's Decorations, Ltd",Australia
23,100.0,13,2300.0,11/09/2003,Shipped,3,Classic Cars,"Anna's Decorations, Ltd",Australia
32,100.0,14,3200.0,11/09/2003,Shipped,3,Classic Cars,"Anna's Decorations, Ltd",Australia
20,90.57,1,1811.4,12/09/2003,Shipped,3,Vintage Cars,Signal Collectibles Ltd.,USA
42,94.25,2,3958.5,12/09/2003,Shipped,3,Vintage Cars,Signal Collectibles Ltd.,USA
30,58.22,3,1746.6,12/09/2003,Shipped,3,Vintage Cars,Signal Collectibles Ltd.,USA
50,100.0,4,5000.0,12/09/2003,Shipped,3,Vintage Cars,Signal Collectibles Ltd.,USA
23,100.0,5,2300.0,12/09/2003,Shipped,3,Vintage Cars,Signal Collectibles Ltd.,USA
49,49.28,6,2414.72,12/09/2003,Shipped,3,Vintage Cars,Signal Collectibles Ltd.,USA
36,33.19,7,1194.84,12/09/2003,Shipped,3,Vintage Cars,Signal Collectibles Ltd.,USA
33,100.0,8,3300.0,12/09/2003,Shipped,3,Vintage Cars,Signal Collectibles Ltd.,USA
26,38.98,9,1013.48,12/09/2003,Shipped,3,Vintage Cars,Signal Collectibles Ltd.,USA
24,62.36,10,1496.64,12/09/2003,Shipped,3,Vintage Cars,Signal Collectibles Ltd.,USA
34,100.0,11,3400.0,12/09/2003,Shipped,3,Vintage Cars,Signal Collectibles Ltd.,USA
20,100.0,1,2000.0,19/09/2003,Shipped,3,Classic Cars,"Dragon Souveniers, Ltd.",Singapore
49,100.0,2,4900.0,19/09/2003,Shipped,3,Trucks and Buses,"Dragon Souveniers, Ltd.",Singapore
20,100.0,3,2000.0,19/09/2003,Shipped,3,Classic Cars,"Dragon Souveniers, Ltd.",Singapore
49,58.18,4,2850.82,19/09/2003,Shipped,3,Trucks and Buses,"Dragon Souveniers, Ltd.",Singapore
30,100.0,5,3000.0,19/09/2003,Shipped,3,Trucks and Buses,"Dragon Souveniers, Ltd.",Singapore
30,42.76,6,1282.8,19/09/2003,Shipped,3,Vintage Cars,"Dragon Souveniers, Ltd.",Singapore
34,100.0,7,3400.0,19/09/2003,Shipped,3,Trucks and Buses,"Dragon Souveniers, Ltd.",Singapore
45,100.0,8,4500.0,19/09/2003,Shipped,3,Classic Cars,"Dragon Souveniers, Ltd.",Singapore
47,91.18,9,4285.46,19/09/2003,Shipped,3,Vintage Cars,"Dragon Souveniers, Ltd.",Singapore
26,100.0,10,2600.0,19/09/2003,Shipped,3,Vintage Cars,"Dragon Souveniers, Ltd.",Singapore
30,49.97,11,1499.1,19/09/2003,Shipped,3,Vintage Cars,"Dragon Souveniers, Ltd.",Singapore
26,100.0,1,2600.0,21/09/2003,Shipped,3,Trucks and Buses,"Oulu Toy Supplies, Inc.",Finland
43,100.0,2,4300.0,21/09/2003,Shipped,3,Classic Cars,"Oulu Toy Supplies, Inc.",Finland
24,100.0,3,2400.0,21/09/2003,Shipped,3,Trucks and Buses,"Oulu Toy Supplies, Inc.",Finland
30,40.31,4,1209.3,21/09/2003,Shipped,3,Classic Cars,"Oulu Toy Supplies, Inc.",Finland
41,63.85,5,2617.85,21/09/2003,Shipped,3,Trucks and Buses,"Oulu Toy Supplies, Inc.",Finland
49,100.0,6,4900.0,21/09/2003,Shipped,3,Trucks and Buses,"Oulu Toy Supplies, Inc.",Finland
21,100.0,7,2100.0,21/09/2003,Shipped,3,Classic Cars,"Oulu Toy Supplies, Inc.",Finland
42,100.0,8,4200.0,21/09/2003,Shipped,3,Trucks and Buses,"Oulu Toy Supplies, Inc.",Finland
39,69.28,9,2701.92,21/09/2003,Shipped,3,Trucks and Buses,"Oulu Toy Supplies, Inc.",Finland
27,100.0,10,2700.0,21/09/2003,Shipped,3,Trucks and Buses,"Oulu Toy Supplies, Inc.",Finland
35,100.0,1,3500.0,25/09/2003,Shipped,3,Classic Cars,"Australian Gift Network, Co",Australia
33,50.95,2,1681.35,25/09/2003,Shipped,3,Trains,"Australian Gift Network, Co",Australia
23,100.0,3,2300.0,25/09/2003,Shipped,3,Classic Cars,"Australian Gift Network, Co",Australia
25,65.31,4,1632.75,25/09/2003,Shipped,3,Classic Cars,"Australian Gift Network, Co",Australia
43,64.67,1,2780.81,28/09/2003,Shipped,3,Ships,Euro Shopping Channel,Spain
50,88.15,2,4407.5,28/09/2003,Shipped,3,Ships,Euro Shopping Channel,Spain
20,100.0,3,2000.0,28/09/2003,Shipped,3,Ships,Euro Shopping Channel,Spain
50,60.06,4,3003.0,28/09/2003,Shipped,3,Ships,Euro Shopping Channel,Spain
40,100.0,5,4000.0,28/09/2003,Shipped,3,Ships,Euro Shopping Channel,Spain
22,83.38,6,1834.36,28/09/2003,Shipped,3,Vintage Cars,Euro Shopping Channel,Spain
31,100.0,7,3100.0,28/09/2003,Shipped,3,Vintage Cars,Euro Shopping Channel,Spain
31,87.48,8,2711.88,28/09/2003,Shipped,3,Ships,Euro Shopping Channel,Spain
29,88.74,9,2573.46,28/09/2003,Shipped,3,Trains,Euro Shopping Channel,Spain
49,100.0,10,4900.0,28/09/2003,Shipped,3,Classic Cars,Euro Shopping Channel,Spain
20,100.0,11,2000.0,28/09/2003,Shipped,3,Classic Cars,Euro Shopping Channel,Spain
42,100.0,12,4200.0,28/09/2003,Shipped,3,Classic Cars,Euro Shopping Channel,Spain
31,57.41,13,1779.71,28/09/2003,Shipped,3,Trains,Euro Shopping Channel,Spain
36,64.33,1,2315.88,02/10/2003,Shipped,4,Ships,Boards & Toys Co.,USA
31,91.17,2,2826.27,02/10/2003,Shipped,4,Vintage Cars,Boards & Toys Co.,USA
41,92.4,1,3788.4,04/10/2003,Shipped,4,Classic Cars,"Blauer See Auto, Co.",Germany
23,100.0,2,2300.0,04/10/2003,Shipped,4,Classic Cars,"Blauer See Auto, Co.",Germany
29,100.0,3,2900.0,04/10/2003,Shipped,4,Classic Cars,"Blauer See Auto, Co.",Germany
31,58.78,4,1822.18,04/10/2003,Shipped,4,Classic Cars,"Blauer See Auto, Co.",Germany
33,100.0,5,3300.0,04/10/2003,Shipped,4,Classic Cars,"Blauer See Auto, Co.",Germany
22,76.61,6,1685.42,04/10/2003,Shipped,4,Classic Cars,"Blauer See Auto, Co.",Germany
23,100.0,7,2300.0,04/10/2003,Shipped,4,Classic Cars,"Blauer See Auto, Co.",Germany
49,78.8,8,3861.2,04/10/2003,Shipped,4,Classic Cars,"Blauer See Auto, Co.",Germany
27,72.02,1,1944.54,05/10/2003,Shipped,4,Classic Cars,"Norway Gifts By Mail, Co.",Norway
22,96.37,2,2120.14,05/10/2003,Shipped,4,Classic Cars,"Norway Gifts By Mail, Co.",Norway
22,51.32,3,1129.04,05/10/2003,Shipped,4,Classic Cars,"Norway Gifts By Mail, Co.",Norway
32,100.0,4,3200.0,05/10/2003,Shipped,4,Classic Cars,"Norway Gifts By Mail, Co.",Norway
22,100.0,5,2200.0,05/10/2003,Shipped,4,Classic Cars,"Norway Gifts By Mail, Co.",Norway
39,100.0,6,3900.0,05/10/2003,Shipped,4,Classic Cars,"Norway Gifts By Mail, Co.",Norway
47,100.0,7,4700.0,05/10/2003,Shipped,4,Classic Cars,"Norway Gifts By Mail, Co.",Norway
37,100.0,8,3700.0,05/10/2003,Shipped,4,Classic Cars,"Norway Gifts By Mail, Co.",Norway
23,100.0,9,2300.0,05/10/2003,Shipped,4,Classic Cars,"Norway Gifts By Mail, Co.",Norway
48,34.36,10,1649.28,05/10/2003,Shipped,4,Classic Cars,"Norway Gifts By Mail, Co.",Norway
50,100.0,11,5000.0,05/10/2003,Shipped,4,Classic Cars,"Norway Gifts By Mail, Co.",Norway
43,100.0,1,4300.0,06/10/2003,Shipped,4,Vintage Cars,"UK Collectables, Ltd.",UK
43,86.4,1,3715.2,06/10/2003,Shipped,4,Planes,"Toys of Finland, Co.",Finland
38,89.27,2,3392.26,06/10/2003,Shipped,4,Vintage Cars,"UK Collectables, Ltd.",UK
20,100.0,2,2000.0,06/10/2003,Shipped,4,Planes,"Toys of Finland, Co.",Finland
23,72.7,3,1672.1,06/10/2003,Shipped,4,Classic Cars,"UK Collectables, Ltd.",UK
44,85.87,3,3778.28,06/10/2003,Shipped,4,Planes,"Toys of Finland, Co.",Finland
45,100.0,4,4500.0,06/10/2003,Shipped,4,Classic Cars,"UK Collectables, Ltd.",UK
44,77.11,4,3392.84,06/10/2003,Shipped,4,Planes,"Toys of Finland, Co.",Finland
38,100.0,5,3800.0,06/10/2003,Shipped,4,Planes,"Toys of Finland, Co.",Finland
49,100.0,5,4900.0,06/10/2003,Shipped,4,Classic Cars,"UK Collectables, Ltd.",UK
23,72.62,6,1670.26,06/10/2003,Shipped,4,Planes,"Toys of Finland, Co.",Finland
48,74.48,6,3575.04,06/10/2003,Shipped,4,Classic Cars,"UK Collectables, Ltd.",UK
34,55.89,7,1900.26,06/10/2003,Shipped,4,Vintage Cars,"Toys of Finland, Co.",Finland
34,49.16,8,1671.44,06/10/2003,Shipped,4,Planes,"Toys of Finland, Co.",Finland
32,91.43,9,2925.76,06/10/2003,Shipped,4,Ships,"Toys of Finland, Co.",Finland
29,100.0,10,2900.0,06/10/2003,Shipped,4,Vintage Cars,"Toys of Finland, Co.",Finland
44,79.14,11,3482.16,06/10/2003,Shipped,4,Ships,"Toys of Finland, Co.",Finland
37,67.93,12,2513.41,06/10/2003,Shipped,4,Vintage Cars,"Toys of Finland, Co.",Finland
32,100.0,13,3200.0,06/10/2003,Shipped,4,Classic Cars,"Toys of Finland, Co.",Finland
20,41.02,1,820.4,08/10/2003,Shipped,4,Vintage Cars,Euro Shopping Channel,Spain
48,100.0,2,4800.0,08/10/2003,Shipped,4,Planes,Euro Shopping Channel,Spain
22,67.03,1,1474.66,10/10/2003,Shipped,4,Motorcycles,Baane Mini Imports,Norway
50,69.8,1,3490.0,10/10/2003,Shipped,4,Classic Cars,Corporate Gift Ideas Co.,USA
41,100.0,2,4100.0,10/10/2003,Shipped,4,Classic Cars,Corporate Gift Ideas Co.,USA
24,73.42,3,1762.08,10/10/2003,Shipped,4,Classic Cars,Corporate Gift Ideas Co.,USA
25,100.0,4,2500.0,10/10/2003,Shipped,4,Classic Cars,Corporate Gift Ideas Co.,USA
21,81.21,5,1705.41,10/10/2003,Shipped,4,Classic Cars,Corporate Gift Ideas Co.,USA
23,67.1,6,1543.3,10/10/2003,Shipped,4,Classic Cars,Corporate Gift Ideas Co.,USA
32,100.0,7,3200.0,10/10/2003,Shipped,4,Classic Cars,Corporate Gift Ideas Co.,USA
21,64.66,8,1357.86,10/10/2003,Shipped,4,Motorcycles,Corporate Gift Ideas Co.,USA
35,35.4,9,1239.0,10/10/2003,Shipped,4,Motorcycles,Corporate Gift Ideas Co.,USA
31,71.6,10,2219.6,10/10/2003,Shipped,4,Motorcycles,Corporate Gift Ideas Co.,USA
27,80.34,11,2169.18,10/10/2003,Shipped,4,Motorcycles,Corporate Gift Ideas Co.,USA
23,100.0,12,2300.0,10/10/2003,Shipped,4,Motorcycles,Corporate Gift Ideas Co.,USA
38,100.0,13,3800.0,10/10/2003,Shipped,4,Motorcycles,Corporate Gift Ideas Co.,USA
49,100.0,14,4900.0,10/10/2003,Shipped,4,Motorcycles,Corporate Gift Ideas Co.,USA
44,100.0,15,4400.0,10/10/2003,Shipped,4,Motorcycles,Corporate Gift Ideas Co.,USA
22,100.0,16,2200.0,10/10/2003,Shipped,4,Motorcycles,Corporate Gift Ideas Co.,USA
37,100.0,17,3700.0,10/10/2003,Shipped,4,Motorcycles,Corporate Gift Ideas Co.,USA
42,51.48,18,2162.16,10/10/2003,Shipped,4,Motorcycles,Corporate Gift Ideas Co.,USA
20,100.0,1,2000.0,11/10/2003,Shipped,4,Classic Cars,"Men 'R' US Retailers, Ltd.",USA
42,37.0,2,1554.0,11/10/2003,Shipped,4,Classic Cars,"Men 'R' US Retailers, Ltd.",USA
35,100.0,3,3500.0,11/10/2003,Shipped,4,Classic Cars,"Men 'R' US Retailers, Ltd.",USA
38,88.55,4,3364.9,11/10/2003,Shipped,4,Classic Cars,"Men 'R' US Retailers, Ltd.",USA
50,100.0,5,5000.0,11/10/2003,Shipped,4,Classic Cars,"Men 'R' US Retailers, Ltd.",USA
46,100.0,6,4600.0,11/10/2003,Shipped,4,Classic Cars,"Men 'R' US Retailers, Ltd.",USA
25,80.54,1,2013.5,17/10/2003,Shipped,4,Classic Cars,Heintze Collectables,Denmark
25,100.0,2,2500.0,17/10/2003,Shipped,4,Classic Cars,Heintze Collectables,Denmark
20,100.0,3,2000.0,17/10/2003,Shipped,4,Classic Cars,Heintze Collectables,Denmark
20,77.05,4,1541.0,17/10/2003,Shipped,4,Classic Cars,Heintze Collectables,Denmark
37,72.76,5,2692.12,17/10/2003,Shipped,4,Classic Cars,Heintze Collectables,Denmark
30,100.0,6,3000.0,17/10/2003,Shipped,4,Classic Cars,Heintze Collectables,Denmark
23,53.33,7,1226.59,17/10/2003,Shipped,4,Classic Cars,Heintze Collectables,Denmark
43,100.0,8,4300.0,17/10/2003,Shipped,4,Classic Cars,Heintze Collectables,Denmark
23,100.0,9,2300.0,17/10/2003,Shipped,4,Classic Cars,Heintze Collectables,Denmark
36,100.0,10,3600.0,17/10/2003,Shipped,4,Classic Cars,Heintze Collectables,Denmark
48,100.0,11,4800.0,17/10/2003,Shipped,4,Classic Cars,Heintze Collectables,Denmark
28,100.0,12,2800.0,17/10/2003,Shipped,4,Classic Cars,Heintze Collectables,Denmark
45,51.21,1,2304.45,18/10/2003,Shipped,4,Vintage Cars,Corporate Gift Ideas Co.,USA
48,91.44,2,4389.12,18/10/2003,Shipped,4,Vintage Cars,Corporate Gift Ideas Co.,USA
48,100.0,3,4800.0,18/10/2003,Shipped,4,Vintage Cars,Corporate Gift Ideas Co.,USA
43,36.29,4,1560.47,18/10/2003,Shipped,4,Vintage Cars,Corporate Gift Ideas Co.,USA
37,27.22,5,1007.14,18/10/2003,Shipped,4,Vintage Cars,Corporate Gift Ideas Co.,USA
38,100.0,6,3800.0,18/10/2003,Shipped,4,Vintage Cars,Corporate Gift Ideas Co.,USA
37,38.98,7,1442.26,18/10/2003,Shipped,4,Vintage Cars,Corporate Gift Ideas Co.,USA
27,69.62,8,1879.74,18/10/2003,Shipped,4,Vintage Cars,Corporate Gift Ideas Co.,USA
29,100.0,9,2900.0,18/10/2003,Shipped,4,Vintage Cars,Corporate Gift Ideas Co.,USA
39,100.0,10,3900.0,18/10/2003,Shipped,4,Vintage Cars,Corporate Gift Ideas Co.,USA
21,100.0,1,2100.0,20/10/2003,Shipped,4,Classic Cars,Classic Legends Inc.,USA
31,100.0,2,3100.0,20/10/2003,Shipped,4,Vintage Cars,Classic Legends Inc.,USA
40,100.0,3,4000.0,20/10/2003,Shipped,4,Vintage Cars,Classic Legends Inc.,USA
48,69.96,4,3358.08,20/10/2003,Shipped,4,Vintage Cars,Classic Legends Inc.,USA
42,91.55,5,3845.1,20/10/2003,Shipped,4,Vintage Cars,Classic Legends Inc.,USA
43,100.0,6,4300.0,20/10/2003,Shipped,4,Vintage Cars,Classic Legends Inc.,USA
26,73.73,1,1916.98,21/10/2003,Shipped,4,Vintage Cars,FunGiftIdeas.com,USA
24,100.0,1,2400.0,21/10/2003,Resolved,4,Trucks and Buses,Mini Auto Werke,Austria
21,100.0,2,2100.0,21/10/2003,Resolved,4,Classic Cars,Mini Auto Werke,Austria
43,100.0,2,4300.0,21/10/2003,Shipped,4,Vintage Cars,FunGiftIdeas.com,USA
45,100.0,3,4500.0,21/10/2003,Resolved,4,Trucks and Buses,Mini Auto Werke,Austria
29,100.0,3,2900.0,21/10/2003,Shipped,4,Ships,FunGiftIdeas.com,USA
39,81.93,4,3195.27,21/10/2003,Resolved,4,Classic Cars,Mini Auto Werke,Austria
49,54.94,5,2692.06,21/10/2003,Resolved,4,Trucks and Buses,Mini Auto Werke,Austria
49,100.0,6,4900.0,21/10/2003,Resolved,4,Trucks and Buses,Mini Auto Werke,Austria
25,53.83,7,1345.75,21/10/2003,Resolved,4,Vintage Cars,Mini Auto Werke,Austria
36,99.17,8,3570.12,21/10/2003,Resolved,4,Trucks and Buses,Mini Auto Werke,Austria
50,100.0,1,5000.0,22/10/2003,Shipped,4,Trains,"Dragon Souveniers, Ltd.",Singapore
27,100.0,2,2700.0,22/10/2003,Shipped,4,Classic Cars,"Dragon Souveniers, Ltd.",Singapore
44,100.0,3,4400.0,22/10/2003,Shipped,4,Classic Cars,"Dragon Souveniers, Ltd.",Singapore
34,100.0,4,3400.0,22/10/2003,Shipped,4,Classic Cars,"Dragon Souveniers, Ltd.",Singapore
38,66.78,5,2537.64,22/10/2003,Shipped,4,Trains,"Dragon Souveniers, Ltd.",Singapore
28,100.0,6,2800.0,22/10/2003,Shipped,4,Classic Cars,"Dragon Souveniers, Ltd.",Singapore
44,53.44,7,2351.36,22/10/2003,Shipped,4,Trains,"Dragon Souveniers, Ltd.",Singapore
24,99.36,8,2384.64,22/10/2003,Shipped,4,Classic Cars,"Dragon Souveniers, Ltd.",Singapore
25,69.36,9,1734.0,22/10/2003,Shipped,4,Classic Cars,"Dragon Souveniers, Ltd.",Singapore
48,94.92,10,4556.16,22/10/2003,Shipped,4,Trucks and Buses,"Dragon Souveniers, Ltd.",Singapore
29,100.0,11,2900.0,22/10/2003,Shipped,4,Classic Cars,"Dragon Souveniers, Ltd.",Singapore
48,100.0,12,4800.0,22/10/2003,Shipped,4,Trucks and Buses,"Dragon Souveniers, Ltd.",Singapore
27,31.82,13,859.14,22/10/2003,Shipped,4,Classic Cars,"Dragon Souveniers, Ltd.",Singapore
48,45.99,14,2207.52,22/10/2003,Shipped,4,Trucks and Buses,"Dragon Souveniers, Ltd.",Singapore
46,100.0,15,4600.0,22/10/2003,Shipped,4,Trucks and Buses,"Dragon Souveniers, Ltd.",Singapore
47,100.0,16,4700.0,22/10/2003,Shipped,4,Classic Cars,"Dragon Souveniers, Ltd.",Singapore
32,100.0,17,3200.0,22/10/2003,Shipped,4,Trucks and Buses,"Dragon Souveniers, Ltd.",Singapore
31,71.1,18,2204.1,22/10/2003,Shipped,4,Trucks and Buses,"Dragon Souveniers, Ltd.",Singapore
36,96.66,1,3479.76,28/10/2003,Shipped,4,Motorcycles,Technics Stores Inc.,USA
50,100.0,2,5000.0,28/10/2003,Shipped,4,Motorcycles,Technics Stores Inc.,USA
20,100.0,3,2000.0,28/10/2003,Shipped,4,Motorcycles,Technics Stores Inc.,USA
27,100.0,4,2700.0,28/10/2003,Shipped,4,Motorcycles,Technics Stores Inc.,USA
46,61.18,5,2814.28,28/10/2003,Shipped,4,Motorcycles,Technics Stores Inc.,USA
29,75.41,6,2186.89,28/10/2003,Shipped,4,Motorcycles,Technics Stores Inc.,USA
28,100.0,7,2800.0,28/10/2003,Shipped,4,Motorcycles,Technics Stores Inc.,USA
36,100.0,8,3600.0,28/10/2003,Shipped,4,Planes,Technics Stores Inc.,USA
21,70.96,9,1490.16,28/10/2003,Shipped,4,Planes,Technics Stores Inc.,USA
48,78.25,10,3756.0,28/10/2003,Shipped,4,Planes,Technics Stores Inc.,USA
49,100.0,11,4900.0,28/10/2003,Shipped,4,Planes,Technics Stores Inc.,USA
31,73.61,12,2281.91,28/10/2003,Shipped,4,Vintage Cars,Technics Stores Inc.,USA
48,51.93,13,2492.64,28/10/2003,Shipped,4,Vintage Cars,Technics Stores Inc.,USA
28,98.65,14,2762.2,28/10/2003,Shipped,4,Planes,Technics Stores Inc.,USA
48,96.0,15,4608.0,28/10/2003,Shipped,4,Planes,Technics Stores Inc.,USA
31,100.0,16,3100.0,28/10/2003,Shipped,4,Planes,Technics Stores Inc.,USA
39,82.91,17,3233.49,28/10/2003,Shipped,4,Planes,Technics Stores Inc.,USA
27,73.02,18,1971.54,28/10/2003,Shipped,4,Planes,Technics Stores Inc.,USA
34,50.21,1,1707.14,04/11/2003,Shipped,4,Classic Cars,"Anna's Decorations, Ltd",Australia
34,100.0,1,3400.0,04/11/2003,Shipped,4,Classic Cars,Mini Auto Werke,Austria
30,100.0,2,3000.0,04/11/2003,Shipped,4,Classic Cars,"Anna's Decorations, Ltd",Australia
20,63.14,2,1262.8,04/11/2003,Shipped,4,Classic Cars,Mini Auto Werke,Austria
36,63.84,3,2298.24,04/11/2003,Shipped,4,Classic Cars,"Anna's Decorations, Ltd",Australia
41,100.0,3,4100.0,04/11/2003,Shipped,4,Classic Cars,Mini Auto Werke,Austria
47,100.0,4,4700.0,04/11/2003,Shipped,4,Classic Cars,Mini Auto Werke,Austria
36,100.0,4,3600.0,04/11/2003,Shipped,4,Classic Cars,"Anna's Decorations, Ltd",Australia
32,70.76,5,2264.32,04/11/2003,Shipped,4,Classic Cars,"Anna's Decorations, Ltd",Australia
24,94.58,6,2269.92,04/11/2003,Shipped,4,Classic Cars,"Anna's Decorations, Ltd",Australia
33,100.0,7,3300.0,04/11/2003,Shipped,4,Classic Cars,"Anna's Decorations, Ltd",Australia
38,68.39,8,2598.82,04/11/2003,Shipped,4,Motorcycles,"Anna's Decorations, Ltd",Australia
26,39.83,9,1035.58,04/11/2003,Shipped,4,Motorcycles,"Anna's Decorations, Ltd",Australia
48,80.55,10,3866.4,04/11/2003,Shipped,4,Motorcycles,"Anna's Decorations, Ltd",Australia
38,74.11,11,2816.18,04/11/2003,Shipped,4,Motorcycles,"Anna's Decorations, Ltd",Australia
34,100.0,12,3400.0,04/11/2003,Shipped,4,Motorcycles,"Anna's Decorations, Ltd",Australia
35,100.0,13,3500.0,04/11/2003,Shipped,4,Motorcycles,"Anna's Decorations, Ltd",Australia
35,100.0,1,3500.0,05/11/2003,Shipped,4,Classic Cars,Quebec Home Shopping Network,Canada
31,89.01,1,2759.31,05/11/2003,Shipped,4,Vintage Cars,Rovelli Gifts,Italy
22,74.51,1,1639.22,05/11/2003,Shipped,4,Classic Cars,Gift Depot Inc.,USA
35,100.0,2,3500.0,05/11/2003,Shipped,4,Classic Cars,Quebec Home Shopping Network,Canada
28,53.72,2,1504.16,05/11/2003,Shipped,4,Vintage Cars,Rovelli Gifts,Italy
24,81.33,2,1951.92,05/11/2003,Shipped,4,Classic Cars,Gift Depot Inc.,USA
39,100.0,3,3900.0,05/11/2003,Shipped,4,Classic Cars,Quebec Home Shopping Network,Canada
32,75.69,3,2422.08,05/11/2003,Shipped,4,Classic Cars,Gift Depot Inc.,USA
22,100.0,3,2200.0,05/11/2003,Shipped,4,Vintage Cars,Rovelli Gifts,Italy
29,95.24,4,2761.96,05/11/2003,Shipped,4,Vintage Cars,Rovelli Gifts,Italy
36,35.49,4,1277.64,05/11/2003,Shipped,4,Classic Cars,Quebec Home Shopping Network,Canada
22,98.51,4,2167.22,05/11/2003,Shipped,4,Classic Cars,Gift Depot Inc.,USA
48,44.21,5,2122.08,05/11/2003,Shipped,4,Vintage Cars,Rovelli Gifts,Italy
34,42.76,5,1453.84,05/11/2003,Shipped,4,Classic Cars,Gift Depot Inc.,USA
43,100.0,6,4300.0,05/11/2003,Shipped,4,Vintage Cars,Rovelli Gifts,Italy
42,100.0,6,4200.0,05/11/2003,Shipped,4,Classic Cars,Gift Depot Inc.,USA
22,100.0,7,2200.0,05/11/2003,Shipped,4,Vintage Cars,Rovelli Gifts,Italy
39,100.0,7,3900.0,05/11/2003,Shipped,4,Classic Cars,Gift Depot Inc.,USA
48,100.0,8,4800.0,05/11/2003,Shipped,4,Classic Cars,Gift Depot Inc.,USA
27,41.22,8,1112.94,05/11/2003,Shipped,4,Vintage Cars,Rovelli Gifts,Italy
31,31.53,9,977.43,05/11/2003,Shipped,4,Vintage Cars,Rovelli Gifts,Italy
31,100.0,10,3100.0,05/11/2003,Shipped,4,Vintage Cars,Rovelli Gifts,Italy
35,33.23,11,1163.05,05/11/2003,Shipped,4,Vintage Cars,Rovelli Gifts,Italy
26,57.51,12,1495.26,05/11/2003,Shipped,4,Vintage Cars,Rovelli Gifts,Italy
24,100.0,13,2400.0,05/11/2003,Shipped,4,Vintage Cars,Rovelli Gifts,Italy
21,75.46,14,1584.66,05/11/2003,Shipped,4,Vintage Cars,Rovelli Gifts,Italy
39,71.98,15,2807.22,05/11/2003,Shipped,4,Classic Cars,Rovelli Gifts,Italy
23,100.0,16,2300.0,05/11/2003,Shipped,4,Classic Cars,Rovelli Gifts,Italy
43,100.0,1,4300.0,06/11/2003,Shipped,4,Trucks and Buses,"Australian Gift Network, Co",Australia
50,100.0,1,5000.0,06/11/2003,Shipped,4,Classic Cars,L'ordine Souveniers,Italy
26,100.0,1,2600.0,06/11/2003,Shipped,4,Trucks and Buses,"Stylish Desk Decors, Co.",UK
33,100.0,2,3300.0,06/11/2003,Shipped,4,Classic Cars,L'ordine Souveniers,Italy
49,44.78,2,2194.22,06/11/2003,Shipped,4,Vintage Cars,"Australian Gift Network, Co",Australia
37,31.12,2,1151.44,06/11/2003,Shipped,4,Classic Cars,"Stylish Desk Decors, Co.",UK
47,100.0,3,4700.0,06/11/2003,Shipped,4,Classic Cars,L'ordine Souveniers,Italy
48,93.34,3,4480.32,06/11/2003,Shipped,4,Trucks and Buses,"Australian Gift Network, Co",Australia
50,63.31,3,3165.5,06/11/2003,Shipped,4,Trucks and Buses,"Stylish Desk Decors, Co.",UK
34,100.0,4,3400.0,06/11/2003,Shipped,4,Classic Cars,"Australian Gift Network, Co",Australia
48,100.0,4,4800.0,06/11/2003,Shipped,4,Trucks and Buses,"Stylish Desk Decors, Co.",UK
38,64.44,4,2448.72,06/11/2003,Shipped,4,Trains,L'ordine Souveniers,Italy
46,100.0,5,4600.0,06/11/2003,Shipped,4,Vintage Cars,"Australian Gift Network, Co",Australia
29,100.0,5,2900.0,06/11/2003,Shipped,4,Classic Cars,"Stylish Desk Decors, Co.",UK
36,100.0,5,3600.0,06/11/2003,Shipped,4,Classic Cars,L'ordine Souveniers,Italy
28,100.0,6,2800.0,06/11/2003,Shipped,4,Trucks and Buses,"Stylish Desk Decors, Co.",UK
22,64.0,6,1408.0,06/11/2003,Shipped,4,Trains,L'ordine Souveniers,Italy
41,69.28,7,2840.48,06/11/2003,Shipped,4,Trucks and Buses,"Stylish Desk Decors, Co.",UK
29,100.0,7,2900.0,06/11/2003,Shipped,4,Classic Cars,L'ordine Souveniers,Italy
27,68.78,8,1857.06,06/11/2003,Shipped,4,Classic Cars,L'ordine Souveniers,Italy
22,100.0,8,2200.0,06/11/2003,Shipped,4,Trucks and Buses,"Stylish Desk Decors, Co.",UK
33,100.0,9,3300.0,06/11/2003,Shipped,4,Classic Cars,"Stylish Desk Decors, Co.",UK
23,100.0,9,2300.0,06/11/2003,Shipped,4,Trucks and Buses,L'ordine Souveniers,Italy
20,100.0,10,2000.0,06/11/2003,Shipped,4,Classic Cars,L'ordine Souveniers,Italy
47,100.0,10,4700.0,06/11/2003,Shipped,4,Trucks and Buses,"Stylish Desk Decors, Co.",UK
42,85.98,11,3611.16,06/11/2003,Shipped,4,Classic Cars,"Stylish Desk Decors, Co.",UK
29,74.98,12,2174.42,06/11/2003,Shipped,4,Trucks and Buses,"Stylish Desk Decors, Co.",UK
32,76.62,1,2451.84,07/11/2003,Shipped,4,Ships,CAF Imports,Spain
45,72.58,2,3266.1,07/11/2003,Shipped,4,Vintage Cars,CAF Imports,Spain
24,76.0,3,1824.0,07/11/2003,Shipped,4,Ships,CAF Imports,Spain
44,92.16,4,4055.04,07/11/2003,Shipped,4,Ships,CAF Imports,Spain
24,100.0,5,2400.0,07/11/2003,Shipped,4,Ships,CAF Imports,Spain
40,50.23,6,2009.2,07/11/2003,Shipped,4,Ships,CAF Imports,Spain
50,100.0,7,5000.0,07/11/2003,Shipped,4,Ships,CAF Imports,Spain
35,74.6,8,2611.0,07/11/2003,Shipped,4,Vintage Cars,CAF Imports,Spain
23,100.0,9,2300.0,07/11/2003,Shipped,4,Vintage Cars,CAF Imports,Spain
31,88.34,10,2738.54,07/11/2003,Shipped,4,Ships,CAF Imports,Spain
29,100.0,11,2900.0,07/11/2003,Shipped,4,Trains,CAF Imports,Spain
22,87.75,1,1930.5,08/11/2003,Shipped,4,Planes,Alpha Cognac,France
45,76.25,2,3431.25,08/11/2003,Shipped,4,Planes,Alpha Cognac,France
30,72.33,3,2169.9,08/11/2003,Shipped,4,Planes,Alpha Cognac,France
42,100.0,4,4200.0,08/11/2003,Shipped,4,Planes,Alpha Cognac,France
34,80.84,5,2748.56,08/11/2003,Shipped,4,Planes,Alpha Cognac,France
27,73.64,6,1988.28,08/11/2003,Shipped,4,Vintage Cars,Alpha Cognac,France
45,51.15,7,2301.75,08/11/2003,Shipped,4,Planes,Alpha Cognac,France
34,96.86,8,3293.24,08/11/2003,Shipped,4,Ships,Alpha Cognac,France
48,100.0,9,4800.0,08/11/2003,Shipped,4,Vintage Cars,Alpha Cognac,France
41,81.72,10,3350.52,08/11/2003,Shipped,4,Ships,Alpha Cognac,France
21,72.12,11,1514.52,08/11/2003,Shipped,4,Vintage Cars,Alpha Cognac,France
24,100.0,12,2400.0,08/11/2003,Shipped,4,Classic Cars,Alpha Cognac,France
28,71.14,1,1991.92,11/11/2003,Shipped,4,Classic Cars,Daedalus Designs Imports,France
44,100.0,2,4400.0,11/11/2003,Shipped,4,Classic Cars,Daedalus Designs Imports,France
21,50.36,3,1057.56,11/11/2003,Shipped,4,Motorcycles,Daedalus Designs Imports,France
34,45.46,4,1545.64,11/11/2003,Shipped,4,Motorcycles,Daedalus Designs Imports,France
21,93.56,5,1964.76,11/11/2003,Shipped,4,Motorcycles,Daedalus Designs Imports,France
35,72.03,6,2521.05,11/11/2003,Shipped,4,Motorcycles,Daedalus Designs Imports,France
22,100.0,7,2200.0,11/11/2003,Shipped,4,Motorcycles,Daedalus Designs Imports,France
40,100.0,8,4000.0,11/11/2003,Shipped,4,Motorcycles,Daedalus Designs Imports,France
29,86.13,9,2497.77,11/11/2003,Shipped,4,Motorcycles,Daedalus Designs Imports,France
48,100.0,10,4800.0,11/11/2003,Shipped,4,Motorcycles,Daedalus Designs Imports,France
41,100.0,11,4100.0,11/11/2003,Shipped,4,Motorcycles,Daedalus Designs Imports,France
42,100.0,12,4200.0,11/11/2003,Shipped,4,Motorcycles,Daedalus Designs Imports,France
25,64.2,13,1605.0,11/11/2003,Shipped,4,Motorcycles,Daedalus Designs Imports,France
28,68.55,14,1919.4,11/11/2003,Shipped,4,Motorcycles,Daedalus Designs Imports,France
33,86.31,1,2848.23,12/11/2003,Shipped,4,Vintage Cars,Mini Gifts Distributors Ltd.,USA
34,53.83,1,1830.22,12/11/2003,Shipped,4,Classic Cars,Herkku Gifts,Norway
32,54.45,2,1742.4,12/11/2003,Shipped,4,Vintage Cars,Mini Gifts Distributors Ltd.,USA
42,100.0,2,4200.0,12/11/2003,Shipped,4,Classic Cars,Herkku Gifts,Norway
25,87.33,3,2183.25,12/11/2003,Shipped,4,Vintage Cars,Mini Gifts Distributors Ltd.,USA
27,100.0,3,2700.0,12/11/2003,Shipped,4,Classic Cars,Herkku Gifts,Norway
21,100.0,4,2100.0,12/11/2003,Shipped,4,Vintage Cars,Mini Gifts Distributors Ltd.,USA
39,100.0,4,3900.0,12/11/2003,Shipped,4,Classic Cars,Herkku Gifts,Norway
21,100.0,5,2100.0,12/11/2003,Shipped,4,Classic Cars,Herkku Gifts,Norway
31,36.74,5,1138.94,12/11/2003,Shipped,4,Vintage Cars,Mini Gifts Distributors Ltd.,USA
44,100.0,6,4400.0,12/11/2003,Shipped,4,Classic Cars,Herkku Gifts,Norway
39,36.84,6,1436.76,12/11/2003,Shipped,4,Vintage Cars,Mini Gifts Distributors Ltd.,USA
20,100.0,7,2000.0,12/11/2003,Shipped,4,Vintage Cars,Mini Gifts Distributors Ltd.,USA
45,100.0,7,4500.0,12/11/2003,Shipped,4,Classic Cars,Herkku Gifts,Norway
37,42.67,8,1578.79,12/11/2003,Shipped,4,Classic Cars,Herkku Gifts,Norway
23,42.26,8,971.98,12/11/2003,Shipped,4,Vintage Cars,Mini Gifts Distributors Ltd.,USA
38,61.15,9,2323.7,12/11/2003,Shipped,4,Vintage Cars,Mini Gifts Distributors Ltd.,USA
25,100.0,9,2500.0,12/11/2003,Shipped,4,Classic Cars,Herkku Gifts,Norway
44,100.0,10,4400.0,12/11/2003,Shipped,4,Vintage Cars,Mini Gifts Distributors Ltd.,USA
22,73.92,10,1626.24,12/11/2003,Shipped,4,Classic Cars,Herkku Gifts,Norway
36,100.0,11,3600.0,12/11/2003,Shipped,4,Classic Cars,Herkku Gifts,Norway
36,100.0,11,3600.0,12/11/2003,Shipped,4,Vintage Cars,Mini Gifts Distributors Ltd.,USA
28,100.0,12,2800.0,12/11/2003,Shipped,4,Classic Cars,Herkku Gifts,Norway
44,69.84,12,3072.96,12/11/2003,Shipped,4,Classic Cars,Mini Gifts Distributors Ltd.,USA
20,100.0,13,2000.0,12/11/2003,Shipped,4,Classic Cars,Mini Gifts Distributors Ltd.,USA
23,65.52,13,1506.96,12/11/2003,Shipped,4,Classic Cars,Herkku Gifts,Norway
27,100.0,14,2700.0,12/11/2003,Shipped,4,Classic Cars,Herkku Gifts,Norway
36,73.6,14,2649.6,12/11/2003,Shipped,4,Classic Cars,Mini Gifts Distributors Ltd.,USA
20,81.4,15,1628.0,12/11/2003,Shipped,4,Classic Cars,Herkku Gifts,Norway
33,94.17,15,3107.61,12/11/2003,Shipped,4,Classic Cars,Mini Gifts Distributors Ltd.,USA
22,100.0,16,2200.0,12/11/2003,Shipped,4,Classic Cars,Herkku Gifts,Norway
47,74.22,16,3488.34,12/11/2003,Shipped,4,Classic Cars,Mini Gifts Distributors Ltd.,USA
30,82.82,17,2484.6,12/11/2003,Shipped,4,Classic Cars,Herkku Gifts,Norway
49,100.0,17,4900.0,12/11/2003,Shipped,4,Classic Cars,Mini Gifts Distributors Ltd.,USA
28,100.0,1,2800.0,13/11/2003,Shipped,4,Classic Cars,"Classic Gift Ideas, Inc",USA
21,100.0,2,2100.0,13/11/2003,Shipped,4,Trucks and Buses,"Classic Gift Ideas, Inc",USA
23,86.99,3,2000.77,13/11/2003,Shipped,4,Classic Cars,"Classic Gift Ideas, Inc",USA
49,64.64,4,3167.36,13/11/2003,Shipped,4,Trucks and Buses,"Classic Gift Ideas, Inc",USA
41,100.0,5,4100.0,13/11/2003,Shipped,4,Trucks and Buses,"Classic Gift Ideas, Inc",USA
40,49.3,6,1972.0,13/11/2003,Shipped,4,Vintage Cars,"Classic Gift Ideas, Inc",USA
21,96.84,7,2033.64,13/11/2003,Shipped,4,Trucks and Buses,"Classic Gift Ideas, Inc",USA
23,100.0,8,2300.0,13/11/2003,Shipped,4,Classic Cars,"Classic Gift Ideas, Inc",USA
37,89.15,9,3298.55,13/11/2003,Shipped,4,Vintage Cars,"Classic Gift Ideas, Inc",USA
22,100.0,10,2200.0,13/11/2003,Shipped,4,Vintage Cars,"Classic Gift Ideas, Inc",USA
39,68.08,11,2655.12,13/11/2003,Shipped,4,Vintage Cars,"Classic Gift Ideas, Inc",USA
47,100.0,12,4700.0,13/11/2003,Shipped,4,Vintage Cars,"Classic Gift Ideas, Inc",USA
32,100.0,1,3200.0,14/11/2003,Shipped,4,Planes,"Double Decker Gift Stores, Ltd",UK
48,50.95,1,2445.6,14/11/2003,Shipped,4,Trains,"Iberia Gift Imports, Corp.",Spain
39,57.82,1,2254.98,14/11/2003,Shipped,4,Ships,Mini Creations Ltd.,USA
22,69.2,2,1522.4,14/11/2003,Shipped,4,Planes,"Double Decker Gift Stores, Ltd",UK
33,74.35,2,2453.55,14/11/2003,Shipped,4,Vintage Cars,Mini Creations Ltd.,USA
49,100.0,2,4900.0,14/11/2003,Shipped,4,Classic Cars,"Iberia Gift Imports, Corp.",Spain
31,60.11,3,1863.41,14/11/2003,Shipped,4,Classic Cars,"Iberia Gift Imports, Corp.",Spain
21,69.04,3,1449.84,14/11/2003,Shipped,4,Vintage Cars,"Double Decker Gift Stores, Ltd",UK
21,54.0,3,1134.0,14/11/2003,Shipped,4,Ships,Mini Creations Ltd.,USA
45,100.0,4,4500.0,14/11/2003,Shipped,4,Trucks and Buses,"Iberia Gift Imports, Corp.",Spain
37,100.0,4,3700.0,14/11/2003,Shipped,4,Ships,Mini Creations Ltd.,USA
28,52.14,4,1459.92,14/11/2003,Shipped,4,Planes,"Double Decker Gift Stores, Ltd",UK
46,100.0,5,4600.0,14/11/2003,Shipped,4,Classic Cars,"Iberia Gift Imports, Corp.",Spain
24,99.57,5,2389.68,14/11/2003,Shipped,4,Ships,"Double Decker Gift Stores, Ltd",UK
22,79.45,5,1747.9,14/11/2003,Shipped,4,Ships,Mini Creations Ltd.,USA
37,100.0,6,3700.0,14/11/2003,Shipped,4,Trucks and Buses,"Iberia Gift Imports, Corp.",Spain
46,100.0,6,4600.0,14/11/2003,Shipped,4,Vintage Cars,"Double Decker Gift Stores, Ltd",UK
28,64.43,6,1804.04,14/11/2003,Shipped,4,Ships,Mini Creations Ltd.,USA
32,89.46,7,2862.72,14/11/2003,Shipped,4,Ships,"Double Decker Gift Stores, Ltd",UK
30,100.0,7,3000.0,14/11/2003,Shipped,4,Ships,Mini Creations Ltd.,USA
42,31.82,7,1336.44,14/11/2003,Shipped,4,Classic Cars,"Iberia Gift Imports, Corp.",Spain
47,77.24,8,3630.28,14/11/2003,Shipped,4,Vintage Cars,Mini Creations Ltd.,USA
36,85.54,8,3079.44,14/11/2003,Shipped,4,Vintage Cars,"Double Decker Gift Stores, Ltd",UK
33,62.77,8,2071.41,14/11/2003,Shipped,4,Trucks and Buses,"Iberia Gift Imports, Corp.",Spain
26,100.0,9,2600.0,14/11/2003,Shipped,4,Classic Cars,"Double Decker Gift Stores, Ltd",UK
46,100.0,9,4600.0,14/11/2003,Shipped,4,Trucks and Buses,"Iberia Gift Imports, Corp.",Spain
28,100.0,9,2800.0,14/11/2003,Shipped,4,Vintage Cars,Mini Creations Ltd.,USA
28,100.0,10,2800.0,14/11/2003,Shipped,4,Classic Cars,"Iberia Gift Imports, Corp.",Spain
30,94.4,10,2832.0,14/11/2003,Shipped,4,Ships,Mini Creations Ltd.,USA
49,80.67,11,3952.83,14/11/2003,Shipped,4,Trains,Mini Creations Ltd.,USA
24,100.0,11,2400.0,14/11/2003,Shipped,4,Trucks and Buses,"Iberia Gift Imports, Corp.",Spain
43,100.0,12,4300.0,14/11/2003,Shipped,4,Classic Cars,Mini Creations Ltd.,USA
44,60.16,12,2647.04,14/11/2003,Shipped,4,Trucks and Buses,"Iberia Gift Imports, Corp.",Spain
21,100.0,13,2100.0,14/11/2003,Shipped,4,Classic Cars,Mini Creations Ltd.,USA
46,100.0,13,4600.0,14/11/2003,Shipped,4,Trucks and Buses,"Iberia Gift Imports, Corp.",Spain
33,100.0,14,3300.0,14/11/2003,Shipped,4,Classic Cars,Mini Creations Ltd.,USA
20,48.62,15,972.4,14/11/2003,Shipped,4,Trains,Mini Creations Ltd.,USA
39,100.0,16,3900.0,14/11/2003,Shipped,4,Classic Cars,Mini Creations Ltd.,USA
48,100.0,1,4800.0,18/11/2003,Shipped,4,Motorcycles,Herkku Gifts,Norway
28,100.0,1,2800.0,18/11/2003,Shipped,4,Motorcycles,Toys4GrownUps.com,USA
25,100.0,2,2500.0,18/11/2003,Shipped,4,Motorcycles,Herkku Gifts,Norway
45,100.0,3,4500.0,18/11/2003,Shipped,4,Motorcycles,Herkku Gifts,Norway
38,96.34,4,3660.92,18/11/2003,Shipped,4,Motorcycles,Herkku Gifts,Norway
32,65.42,5,2093.44,18/11/2003,Shipped,4,Motorcycles,Herkku Gifts,Norway
40,91.4,6,3656.0,18/11/2003,Shipped,4,Motorcycles,Herkku Gifts,Norway
44,98.89,7,4351.16,18/11/2003,Shipped,4,Motorcycles,Herkku Gifts,Norway
29,100.0,8,2900.0,18/11/2003,Shipped,4,Planes,Herkku Gifts,Norway
46,32.99,1,1517.54,19/11/2003,Shipped,4,Motorcycles,Euro Shopping Channel,Spain
40,66.72,2,2668.8,19/11/2003,Shipped,4,Motorcycles,Euro Shopping Channel,Spain
42,76.19,3,3199.98,19/11/2003,Shipped,4,Motorcycles,Euro Shopping Channel,Spain
42,85.72,4,3600.24,19/11/2003,Shipped,4,Motorcycles,Euro Shopping Channel,Spain
40,100.0,1,4000.0,20/11/2003,Shipped,4,Classic Cars,"Toms Spezialitten, Ltd",Germany
23,100.0,1,2300.0,20/11/2003,Shipped,4,Classic Cars,Online Diecast Creations Co.,USA
46,83.6,2,3845.6,20/11/2003,Shipped,4,Classic Cars,Online Diecast Creations Co.,USA
48,60.01,2,2880.48,20/11/2003,Shipped,4,Classic Cars,"Toms Spezialitten, Ltd",Germany
21,100.0,3,2100.0,20/11/2003,Shipped,4,Classic Cars,"Toms Spezialitten, Ltd",Germany
32,72.77,3,2328.64,20/11/2003,Shipped,4,Classic Cars,Online Diecast Creations Co.,USA
30,64.64,4,1939.2,20/11/2003,Shipped,4,Classic Cars,"Toms Spezialitten, Ltd",Germany
37,69.82,4,2583.34,20/11/2003,Shipped,4,Classic Cars,Online Diecast Creations Co.,USA
23,100.0,5,2300.0,20/11/2003,Shipped,4,Classic Cars,"Toms Spezialitten, Ltd",Germany
46,100.0,5,4600.0,20/11/2003,Shipped,4,Classic Cars,Online Diecast Creations Co.,USA
36,94.88,6,3415.68,20/11/2003,Shipped,4,Classic Cars,"Toms Spezialitten, Ltd",Germany
47,53.83,6,2530.01,20/11/2003,Shipped,4,Classic Cars,Online Diecast Creations Co.,USA
29,100.0,7,2900.0,20/11/2003,Shipped,4,Classic Cars,Online Diecast Creations Co.,USA
44,66.29,7,2916.76,20/11/2003,Shipped,4,Classic Cars,"Toms Spezialitten, Ltd",Germany
38,100.0,8,3800.0,20/11/2003,Shipped,4,Classic Cars,Online Diecast Creations Co.,USA
32,100.0,8,3200.0,20/11/2003,Shipped,4,Classic Cars,"Toms Spezialitten, Ltd",Germany
45,100.0,9,4500.0,20/11/2003,Shipped,4,Classic Cars,Online Diecast Creations Co.,USA
43,72.74,9,3127.82,20/11/2003,Shipped,4,Motorcycles,"Toms Spezialitten, Ltd",Germany
47,100.0,10,4700.0,20/11/2003,Shipped,4,Classic Cars,Online Diecast Creations Co.,USA
22,100.0,11,2200.0,20/11/2003,Shipped,4,Classic Cars,Online Diecast Creations Co.,USA
26,100.0,12,2600.0,20/11/2003,Shipped,4,Classic Cars,Online Diecast Creations Co.,USA
30,30.59,13,917.7,20/11/2003,Shipped,4,Classic Cars,Online Diecast Creations Co.,USA
45,100.0,14,4500.0,20/11/2003,Shipped,4,Classic Cars,Online Diecast Creations Co.,USA
45,90.86,15,4088.7,20/11/2003,Shipped,4,Classic Cars,Online Diecast Creations Co.,USA
27,100.0,16,2700.0,20/11/2003,Shipped,4,Classic Cars,Online Diecast Creations Co.,USA
28,93.21,1,2609.88,21/11/2003,Shipped,4,Vintage Cars,"Australian Collectables, Ltd",Australia
23,100.0,2,2300.0,21/11/2003,Shipped,4,Vintage Cars,"Australian Collectables, Ltd",Australia
24,51.84,3,1244.16,21/11/2003,Shipped,4,Vintage Cars,"Australian Collectables, Ltd",Australia
20,100.0,4,2000.0,21/11/2003,Shipped,4,Vintage Cars,"Australian Collectables, Ltd",Australia
32,79.37,5,2539.84,21/11/2003,Shipped,4,Vintage Cars,"Australian Collectables, Ltd",Australia
46,53.37,6,2455.02,21/11/2003,Shipped,4,Vintage Cars,"Australian Collectables, Ltd",Australia
28,100.0,7,2800.0,21/11/2003,Shipped,4,Vintage Cars,"Australian Collectables, Ltd",Australia
22,100.0,8,2200.0,21/11/2003,Shipped,4,Vintage Cars,"Australian Collectables, Ltd",Australia
20,50.62,9,1012.4,21/11/2003,Shipped,4,Vintage Cars,"Australian Collectables, Ltd",Australia
26,29.21,10,759.46,21/11/2003,Shipped,4,Vintage Cars,"Australian Collectables, Ltd",Australia
44,100.0,11,4400.0,21/11/2003,Shipped,4,Vintage Cars,"Australian Collectables, Ltd",Australia
22,41.03,12,902.66,21/11/2003,Shipped,4,Vintage Cars,"Australian Collectables, Ltd",Australia
42,59.33,13,2491.86,21/11/2003,Shipped,4,Vintage Cars,"Australian Collectables, Ltd",Australia
21,100.0,14,2100.0,21/11/2003,Shipped,4,Vintage Cars,"Australian Collectables, Ltd",Australia
24,97.55,15,2341.2,21/11/2003,Shipped,4,Vintage Cars,"Australian Collectables, Ltd",Australia
25,76.26,16,1906.5,21/11/2003,Shipped,4,Classic Cars,"Australian Collectables, Ltd",Australia
49,100.0,1,4900.0,25/11/2003,Shipped,4,Trucks and Buses,"Saveley & Henriot, Co.",France
33,54.68,1,1804.44,25/11/2003,Shipped,4,Trains,Mini Classics,USA
45,70.49,2,3172.05,25/11/2003,Shipped,4,Trucks and Buses,"Saveley & Henriot, Co.",France
34,100.0,2,3400.0,25/11/2003,Shipped,4,Classic Cars,Mini Classics,USA
44,66.47,3,2924.68,25/11/2003,Shipped,4,Classic Cars,Mini Classics,USA
37,97.27,3,3598.99,25/11/2003,Shipped,4,Trucks and Buses,"Saveley & Henriot, Co.",France
26,100.0,4,2600.0,25/11/2003,Shipped,4,Classic Cars,"Saveley & Henriot, Co.",France
49,100.0,4,4900.0,25/11/2003,Shipped,4,Trucks and Buses,Mini Classics,USA
27,100.0,5,2700.0,25/11/2003,Shipped,4,Classic Cars,Mini Classics,USA
32,100.0,5,3200.0,25/11/2003,Shipped,4,Trucks and Buses,"Saveley & Henriot, Co.",France
49,100.0,6,4900.0,25/11/2003,Shipped,4,Trucks and Buses,Mini Classics,USA
26,89.01,6,2314.26,25/11/2003,Shipped,4,Classic Cars,"Saveley & Henriot, Co.",France
32,28.29,7,905.28,25/11/2003,Shipped,4,Classic Cars,Mini Classics,USA
39,54.94,7,2142.66,25/11/2003,Shipped,4,Trucks and Buses,"Saveley & Henriot, Co.",France
38,100.0,8,3800.0,25/11/2003,Shipped,4,Trucks and Buses,"Saveley & Henriot, Co.",France
32,43.29,8,1385.28,25/11/2003,Shipped,4,Trucks and Buses,Mini Classics,USA
35,100.0,9,3500.0,25/11/2003,Shipped,4,Trucks and Buses,Mini Classics,USA
41,44.78,9,1835.98,25/11/2003,Shipped,4,Vintage Cars,"Saveley & Henriot, Co.",France
21,93.34,10,1960.14,25/11/2003,Shipped,4,Trucks and Buses,"Saveley & Henriot, Co.",France
50,100.0,10,5000.0,25/11/2003,Shipped,4,Classic Cars,Mini Classics,USA
42,100.0,11,4200.0,25/11/2003,Shipped,4,Classic Cars,"Saveley & Henriot, Co.",France
49,100.0,1,4900.0,26/11/2003,Shipped,4,Vintage Cars,Super Scale Inc.,USA
29,41.71,1,1209.59,26/11/2003,Shipped,4,Planes,Enaco Distributors,Spain
50,94.4,2,4720.0,26/11/2003,Shipped,4,Ships,Super Scale Inc.,USA
24,90.52,2,2172.48,26/11/2003,Shipped,4,Ships,Enaco Distributors,Spain
35,100.0,3,3500.0,26/11/2003,Shipped,4,Trains,Super Scale Inc.,USA
22,100.0,3,2200.0,26/11/2003,Shipped,4,Vintage Cars,Enaco Distributors,Spain
38,100.0,4,3800.0,26/11/2003,Shipped,4,Classic Cars,Super Scale Inc.,USA
46,87.74,4,4036.04,26/11/2003,Shipped,4,Ships,Enaco Distributors,Spain
47,100.0,5,4700.0,26/11/2003,Shipped,4,Classic Cars,Super Scale Inc.,USA
22,86.38,5,1900.36,26/11/2003,Shipped,4,Vintage Cars,Enaco Distributors,Spain
45,100.0,6,4500.0,26/11/2003,Shipped,4,Classic Cars,Enaco Distributors,Spain
24,100.0,6,2400.0,26/11/2003,Shipped,4,Classic Cars,Super Scale Inc.,USA
46,62.09,7,2856.14,26/11/2003,Shipped,4,Trains,Super Scale Inc.,USA
50,78.79,7,3939.5,26/11/2003,Shipped,4,Ships,Enaco Distributors,Spain
27,100.0,8,2700.0,26/11/2003,Shipped,4,Classic Cars,Super Scale Inc.,USA
47,83.2,8,3910.4,26/11/2003,Shipped,4,Vintage Cars,Enaco Distributors,Spain
23,64.67,9,1487.41,26/11/2003,Shipped,4,Ships,Enaco Distributors,Spain
27,92.16,10,2488.32,26/11/2003,Shipped,4,Ships,Enaco Distributors,Spain
35,93.35,11,3267.25,26/11/2003,Shipped,4,Ships,Enaco Distributors,Spain
42,50.23,12,2109.66,26/11/2003,Shipped,4,Ships,Enaco Distributors,Spain
41,100.0,13,4100.0,26/11/2003,Shipped,4,Ships,Enaco Distributors,Spain
50,100.0,14,5000.0,26/11/2003,Shipped,4,Vintage Cars,Enaco Distributors,Spain
42,100.0,1,4200.0,27/11/2003,Shipped,4,Planes,Cruz & Sons Co.,Philippines
40,63.67,2,2546.8,27/11/2003,Shipped,4,Planes,Cruz & Sons Co.,Philippines
43,66.19,3,2846.17,27/11/2003,Shipped,4,Planes,Cruz & Sons Co.,Philippines
42,100.0,4,4200.0,27/11/2003,Shipped,4,Planes,Cruz & Sons Co.,Philippines
48,67.82,5,3255.36,27/11/2003,Shipped,4,Planes,Cruz & Sons Co.,Philippines
27,71.67,6,1935.09,27/11/2003,Shipped,4,Vintage Cars,Cruz & Sons Co.,Philippines
25,100.0,1,2500.0,01/12/2003,Shipped,4,Motorcycles,Mini Wheels Co.,USA
29,38.4,1,1113.6,01/12/2003,Shipped,4,Vintage Cars,West Coast Collectables Co.,USA
22,98.57,2,2168.54,01/12/2003,Shipped,4,Motorcycles,Mini Wheels Co.,USA
48,83.12,2,3989.76,01/12/2003,Shipped,4,Planes,West Coast Collectables Co.,USA
39,100.0,3,3900.0,01/12/2003,Shipped,4,Motorcycles,Mini Wheels Co.,USA
38,82.4,3,3131.2,01/12/2003,Shipped,4,Planes,West Coast Collectables Co.,USA
49,100.0,4,4900.0,01/12/2003,Shipped,4,Motorcycles,Mini Wheels Co.,USA
24,100.0,5,2400.0,01/12/2003,Shipped,4,Motorcycles,Mini Wheels Co.,USA
30,64.81,6,1944.3,01/12/2003,Shipped,4,Motorcycles,Mini Wheels Co.,USA
25,73.88,7,1847.0,01/12/2003,Shipped,4,Motorcycles,Mini Wheels Co.,USA
26,100.0,1,2600.0,02/12/2003,Shipped,4,Vintage Cars,Muscle Machine Inc,USA
48,100.0,1,4800.0,02/12/2003,Shipped,4,Classic Cars,Euro Shopping Channel,Spain
21,37.0,2,777.0,02/12/2003,Shipped,4,Classic Cars,Euro Shopping Channel,Spain
39,33.23,2,1295.97,02/12/2003,Shipped,4,Vintage Cars,Muscle Machine Inc,USA
23,71.44,3,1643.12,02/12/2003,Shipped,4,Vintage Cars,Muscle Machine Inc,USA
47,100.0,3,4700.0,02/12/2003,Shipped,4,Classic Cars,Euro Shopping Channel,Spain
33,100.0,4,3300.0,02/12/2003,Shipped,4,Vintage Cars,Muscle Machine Inc,USA
45,85.47,4,3846.15,02/12/2003,Shipped,4,Classic Cars,Euro Shopping Channel,Spain
47,100.0,5,4700.0,02/12/2003,Shipped,4,Classic Cars,Euro Shopping Channel,Spain
29,85.59,5,2482.11,02/12/2003,Shipped,4,Vintage Cars,Muscle Machine Inc,USA
20,100.0,6,2000.0,02/12/2003,Shipped,4,Classic Cars,Euro Shopping Channel,Spain
45,76.26,6,3431.7,02/12/2003,Shipped,4,Classic Cars,Muscle Machine Inc,USA
42,100.0,7,4200.0,02/12/2003,Shipped,4,Classic Cars,Muscle Machine Inc,USA
34,64.9,7,2206.6,02/12/2003,Shipped,4,Classic Cars,Euro Shopping Channel,Spain
20,100.0,8,2000.0,02/12/2003,Shipped,4,Classic Cars,Euro Shopping Channel,Spain
47,96.32,8,4527.04,02/12/2003,Shipped,4,Classic Cars,Muscle Machine Inc,USA
44,82.99,9,3651.56,02/12/2003,Shipped,4,Classic Cars,Euro Shopping Channel,Spain
40,79.62,9,3184.8,02/12/2003,Shipped,4,Classic Cars,Muscle Machine Inc,USA
32,100.0,10,3200.0,02/12/2003,Shipped,4,Classic Cars,Euro Shopping Channel,Spain
20,62.47,10,1249.4,02/12/2003,Shipped,4,Classic Cars,Muscle Machine Inc,USA
33,86.04,11,2839.32,02/12/2003,Shipped,4,Classic Cars,Euro Shopping Channel,Spain
48,91.02,11,4368.96,02/12/2003,Shipped,4,Classic Cars,Muscle Machine Inc,USA
45,49.81,12,2241.45,02/12/2003,Shipped,4,Classic Cars,Muscle Machine Inc,USA
40,100.0,13,4000.0,02/12/2003,Shipped,4,Classic Cars,Muscle Machine Inc,USA
27,100.0,14,2700.0,02/12/2003,Shipped,4,Classic Cars,Muscle Machine Inc,USA
35,100.0,15,3500.0,02/12/2003,Shipped,4,Classic Cars,Muscle Machine Inc,USA
38,100.0,16,3800.0,02/12/2003,Shipped,4,Classic Cars,Muscle Machine Inc,USA
42,100.0,17,4200.0,02/12/2003,Shipped,4,Classic Cars,Muscle Machine Inc,USA
48,63.61,1,3053.28,03/12/2003,Shipped,4,Vintage Cars,Euro Shopping Channel,Spain
36,100.0,2,3600.0,03/12/2003,Shipped,4,Vintage Cars,Euro Shopping Channel,Spain
40,100.0,3,4000.0,03/12/2003,Shipped,4,Vintage Cars,Euro Shopping Channel,Spain
24,38.08,4,913.92,03/12/2003,Shipped,4,Vintage Cars,Euro Shopping Channel,Spain
32,37.17,5,1189.44,03/12/2003,Shipped,4,Vintage Cars,Euro Shopping Channel,Spain
33,100.0,1,3300.0,05/12/2003,Shipped,4,Classic Cars,Canadian Gift Exchange Network,Canada
36,58.82,2,2117.52,05/12/2003,Shipped,4,Trucks and Buses,Canadian Gift Exchange Network,Canada
28,100.0,3,2800.0,05/12/2003,Shipped,4,Trucks and Buses,Canadian Gift Exchange Network,Canada
21,53.33,4,1119.93,05/12/2003,Shipped,4,Vintage Cars,Canadian Gift Exchange Network,Canada
34,100.0,5,3400.0,05/12/2003,Shipped,4,Trucks and Buses,Canadian Gift Exchange Network,Canada
47,100.0,6,4700.0,05/12/2003,Shipped,4,Classic Cars,Canadian Gift Exchange Network,Canada
37,90.17,7,3336.29,05/12/2003,Shipped,4,Vintage Cars,Canadian Gift Exchange Network,Canada
30,100.0,8,3000.0,05/12/2003,Shipped,4,Vintage Cars,Canadian Gift Exchange Network,Canada
28,67.46,9,1888.88,05/12/2003,Shipped,4,Vintage Cars,Canadian Gift Exchange Network,Canada
33,97.39,10,3213.87,05/12/2003,Shipped,4,Vintage Cars,Canadian Gift Exchange Network,Canada
28,87.3,11,2444.4,05/12/2003,Shipped,4,Vintage Cars,Canadian Gift Exchange Network,Canada
40,100.0,1,4000.0,09/12/2003,Shipped,4,Classic Cars,Diecast Collectables,USA
45,56.55,2,2544.75,09/12/2003,Shipped,4,Trains,Diecast Collectables,USA
28,100.0,3,2800.0,09/12/2003,Shipped,4,Classic Cars,Diecast Collectables,USA
49,46.82,4,2294.18,09/12/2003,Shipped,4,Classic Cars,Diecast Collectables,USA
28,94.92,5,2657.76,09/12/2003,Shipped,4,Trucks and Buses,Diecast Collectables,USA
44,100.0,6,4400.0,09/12/2003,Shipped,4,Classic Cars,Diecast Collectables,USA
34,99.54,7,3384.36,09/12/2003,Shipped,4,Trucks and Buses,Diecast Collectables,USA
42,29.7,8,1247.4,09/12/2003,Shipped,4,Classic Cars,Diecast Collectables,USA
27,60.06,9,1621.62,09/12/2003,Shipped,4,Trucks and Buses,Diecast Collectables,USA
43,100.0,10,4300.0,09/12/2003,Shipped,4,Trucks and Buses,Diecast Collectables,USA
25,100.0,11,2500.0,09/12/2003,Shipped,4,Classic Cars,Diecast Collectables,USA
46,100.0,12,4600.0,09/12/2003,Shipped,4,Trucks and Buses,Diecast Collectables,USA
37,69.89,13,2585.93,09/12/2003,Shipped,4,Trucks and Buses,Diecast Collectables,USA
49,80.9,14,3964.1,09/12/2003,Shipped,4,Trucks and Buses,Diecast Collectables,USA
31,100.0,15,3100.0,09/12/2003,Shipped,4,Classic Cars,Diecast Collectables,USA
47,100.0,16,4700.0,09/12/2003,Shipped,4,Trucks and Buses,Diecast Collectables,USA
